arquivo,zip,coleta_data_hora,http,sha256,bytes,url_ou_origem,tipo
AJ_Indaial_alagamento-defesa-civil-alerta.html,A,2026-10-03 23:20:59 -0300,200,da9af8ccd8ff5fb36d4a9e69ec83a1cd0dbfb8b27cb36ce63955f22ef33089d5,38853,https://ajnoticias.com.br/noticia/20901/indaial-rgistra-pontos-de-alagamentos-e-defesa-civil-esta-em-alerta,original
ANA_telemetria_83250000_2024-05-23_25.xml,A,2026-10-03 23:33:12 -0300,200,5b1200091871c143bffc1c7f2bf32792f21a096426bd0f371131ba5c89ddd256,92111,http://telemetriaws1.ana.gov.br/ServiceANA.asmx/DadosHidrometeorologicos?codEstacao=83250000&dataInicio=23/05/2024&dataFim=25/05/2024,original
Apiuna_noticia-733008_atualizacoes-nivel.html,A,2026-10-03 23:24:25 -0300,200,f2125ee5bc19626169246ab6df6cec602d22c2ed7389b3e20aff711f00a91221,150041,https://www.apiuna.sc.gov.br/noticia-733008/,original
Araguaia_DCBrusque_17-ocorrencias.html,A,2026-10-03 23:22:31 -0300,200,1fffc24e28a5068dd67fdcb367b9566d3e07ae2b97bae940c5e2c8f248ed2a16,409011,https://araguaiabrusque.com.br/defesa-civil-de-brusque-soma-17-ocorrencias-ligadas-as-chuvas/,original
Araguaia_RioItajaiMirim-baixa-3-99m-Brusque.html,A,2026-10-03 23:23:36 -0300,200,c323cf900a7f5fd4059cda0f765d2a2b90a8eadee65801cac99c0b596cab394a,408247,https://araguaiabrusque.com.br/rio-itajai-mirim-comeca-a-baixar-apos-atingir-399-metros-em-brusque/,original
CruzeiroVale_Ilhota-pontos-alagamento.html,A,2026-10-03 23:21:01 -0300,200,aa694a728e3da1a013308ddf11abb2668c37d5d7103b84a7dc021fa50ae9190f,31842,https://www.cruzeirodovale.com.br/geral/ilhota-cidade-registra-pontos-de-alagamento/,original
DCApiuna_webnode_home.html,A,2026-10-03 23:24:28 -0300,200,3357966cea4635766c351f376c99e58df149de5add52febf8bcf9f56d5eb1524,34789,https://defesa-civil2.webnode.page/,original
DCRioCedros_webnode_escalas-rio.html,A,2026-10-03 23:46:43 -0300,200,83cba63e62c7249c04f3808957d6ccc0fe468c97a5d74597073b0cc9e5fee98d,64057,https://defesa-civil-rdc.webnode.page/escalas-rio/,original
DCRioCedros_webnode_plano-de-contingencia.html,A,2026-10-03 23:46:45 -0300,200,d3ba5489bb730a7463cad10805dbb086b7c07b31a46bea931027fb7fc6e6fec9,59872,https://defesa-civil-rdc.webnode.page/plano-de-contigencia/,original
EXCERTO_SDE_Boletim_001_2024_p14.pdf,A,2026-10-03 23:49:32 -0300,derivado,590d34970a0bd19428a7e3f2ed47b26055ce2f2d8a821924d454f5af053330af,65897,derivado de SDE_Boletim_Hidrometeorologico_001_2024.pdf (uma página extraída com pypdf; URL do original na linha dele),derivado
EXCERTO_SDE_Boletim_010_2023_p17.pdf,A,2026-10-03 23:49:32 -0300,derivado,e7bc0b2f9cfe7ba765a8340f3220ffe3932761b645dbdff1db670998cbc51a52,254380,derivado de SDE_Boletim_Hidrometeorologico_010_2023.pdf (uma página extraída com pypdf; URL do original na linha dele),derivado
EXCERTO_SDE_Boletim_011_2023_p18.pdf,A,2026-10-03 23:49:32 -0300,derivado,529cccf6c8497db4d36ac59b0310470325152f9ce4ef1e5a269d645c48f8c4e6,65882,derivado de SDE_Boletim_Hidrometeorologico_011_2023.pdf (uma página extraída com pypdf; URL do original na linha dele),derivado
EXCERTO_SDE_Boletim_62_2024-05_p16.pdf,A,2026-10-03 23:49:32 -0300,derivado,3e35114dac79bb98b8cdc56f8c34e4d684ce6ff9cfac767791321992490bd804,65846,derivado de SDE_Boletim_Hidrometeorologico_62_2024-05.pdf (uma página extraída com pypdf; URL do original na linha dele),derivado
EXCERTO_WAYBACK_SDC_Operacao-de-Barragens_p9.pdf,A,2026-10-03 23:49:32 -0300,derivado,b083028ab417b181d9ad0566e9d4f86fccee9cc4468bfae4b46c1b2b7a9a9614,75604,derivado de WAYBACK-20241203055845_SDC_Operacao-de-Barragens.pdf (uma página extraída com pypdf; URL do original na linha dele),derivado
GCD_Ibirama_audiencia-plancon-2.html,A,2026-10-03 23:24:34 -0300,200,0656212908dc87bffafd71919258b2813e9c375caee537efcd93a5e185bcc723,104578,https://www.gcd.com.br/alto-vale/ibirama-realizara-audiencia-publica-para-aprovacao-do-plancon/,original
GCD_Ituporanga_DC-reforca-prevencao.html,A,2026-10-03 23:22:45 -0300,200,67c5462b093a038fa97a25d4479ac70405696652e22435ecef38b913b734f654,106536,https://www.gcd.com.br/ituporanga/defesa-civil-reforca-prevencao-e-monitoramento-em-ituporanga/,original
GCD_Ituporanga_mapas-interativos.html,A,2026-10-03 23:22:46 -0300,200,aecd845c82b25d88704eea3a1acae2a04e222524956f05065050e65f7476a9ff,105881,https://www.gcd.com.br/ituporanga/ituporanga-lanca-mapas-interativos-para-monitorar-areas-de-inundacao/,original
GCD_TrombudoCentral_maior-enchente-historia.html,A,2026-10-03 23:44:47 -0300,200,0f960d8fba9167f5a0c1c255164f8cf04c595d40475583d60103cbdcd590e77e,97578,https://www.gcd.com.br/alto-vale/trombudo-central-pode-registrar-a-maior-enchente-da-historia-da-cidade/,original
Guabiruba_noticia-121072_bombeiros-telefones.html,A,2026-10-03 23:34:39 -0300,200,666bbee8f8d7fbc2d0b59bba5a7154d8145c1d02dccf77b70f4f49fb50811c2f,78024,https://guabiruba.sc.gov.br/noticia-121072/,original
Guabiruba_telefones-uteis.html,A,2026-10-03 23:34:04 -0300,200,eff6de322776472a7bdbecc5ec52f0a3f03aa4563efb0966482b3556201a82bd,83761,https://guabiruba.sc.gov.br/pagina-799/pagina-19685/,original
Ibirama_Decreto-5431-2024_PLAMCON.pdf,A,2026-10-03 23:25:03 -0300,200,95ae16446f2aa41add57889b35cf4a3e0f24da1e3d743cd0ff6c08aaa146ea22,3997403,https://s3cache.dom.sc.gov.br/atos/2024/08/1724680743_decreto_n_5.431__homologa_o_plano_municipal_de_contingncia.pdf,original
Ibirama_Decreto-5824-2025_PLAMCON-2025.pdf,A,2026-10-03 23:35:30 -0300,200,f3d718aed11bfe196d1c2f1e50ce9bcfb40126bf54b9091dd93bf3b2e9711da3,515886,https://diariomunicipal.sc.gov.br/arquivosbd/atos/2025/12/1765542122_decreto_n_5824__homologa_plano_municipal_de_contingencia.pdf,original
Ilhota_PLANCON_2025-2028_v016.pdf,A,2026-10-03 23:37:41 -0300,200,faf05d6786ee2c60566e483d320b071345dbc2d952f38cb4dc4ccadc24fe57f4,528598,https://ilhota.sc.gov.br/wp-content/uploads/2025/08/Plano_de_Contingencia_Defesa_Civil_Ilhota.pdf,original
Ilhota_noticia-100533_ultimo-segundo.html,A,2026-10-03 23:20:57 -0300,200,b759c25629cfa728a8ea17b31ca2372da260cf75da574e557bd6b31e90a0de35,107836,https://ilhota.sc.gov.br/noticia-100533/,original
Indaial_subportal-defesa-civil.html,A,2026-10-03 23:34:10 -0300,200,be76554e499a7e2eb28b14cad0a4f06ecd51b75eb2af7e55ab327203c023bb2c,255560,https://indaial.atende.net/subportal/defesa-civil-indaial,original
InformeBlumenau_Indaial-novo-sistema-medicao.html,A,2026-10-03 23:21:00 -0300,200,4fad562ed3993666059ffadb2704ea28037f0239e8d1adacdc246a7f8d339643,144248,https://www.informeblumenau.com/indaial-tem-novo-sistema-de-medicao-do-nivel-do-rio-itajai-acu/,original
Ituporanga_secretaria-defesa-civil.html,A,2026-10-03 23:22:47 -0300,200,9cdd34adf9b5e482134d752801c86f3033c1d1c112eb1142e7a2d9e9ed03935a,83386,https://ituporanga.sc.gov.br/secretaria/view/15/defesa-civil,original
JornalPomerode_niveis-rios-Medio-Vale.html,A,2026-10-03 23:29:25 -0300,200,01c6b0b33d0524cbd15d22b9484a90355ef66b57a53d69601256f98afca5c4b9,131453,https://www.jornaldepomerode.com.br/confira-como-estao-os-niveis-dos-rios-nas-cidades-do-medio-vale-do-itajai/,original
Lontras_telefones-uteis.html,A,2026-10-03 23:34:07 -0300,200,9c194f0acd424fb659184f7a9c6dc5c86dc87a01e531121195033e27084cb334,42352,https://servicos.lontras.sc.gov.br/pagina-30282/,original
Mesorregional_Indaial-se-prepara.html,A,2026-10-03 23:29:29 -0300,200,0ba259eda0b301482e7cd496b05c35307feffdd2860be39567ae4194d9decfa1,166584,https://www.mesorregional.com.br/indaial-se-prepara-para-possivel-enchente/,original
Misturebas_Timbo_2025-08-27_monitoramento.html,A,2026-10-03 23:44:57 -0300,200,d779d1d4e68087d50f7f4158150ebc090ee5d81f04d1d7265d9178470df70c3b,213925,https://misturebas.com.br/2025/08/27/timbo-mantem-monitoramento/,original
Misturebas_Timbo_2025-12-31_44mm-alerta-Benedito.html,A,2026-10-03 23:44:53 -0300,200,346d74b42ac06a2ad9e1e473bdc92a06e663e4794b0f9ab4a18de0a7c5341f43,274780,https://misturebas.com.br/2025/12/31/timbo-registra-44-chuva-alerta-rio/,original
Misturebas_Timbo_alerta-cota-7-5m.html,A,2026-10-03 23:30:11 -0300,200,2f3fadc23980253c3ed65ceff462f4e581f5eb58c8c051ab40d309a3689b7175,274782,https://misturebas.com.br/2023/10/07/alerta-cota-de-enchente-para-timbo/,original
ND_Lontras_homem-resgatado-carro.html,A,2026-10-03 23:44:04 -0300,200,135718d3b47c42a114809aaf999439c360db3b68b17fdae299217f5e5fd9aae4,170006,https://ndmais.com.br/seguranca/homem-e-resgatado-em-cima-de-carro-que-ficou-preso-em-rua-alagada-pela-chuva-em-lontras/,original
ND_RioCedros_2014-06-08_enchente-regiao-central.html,A,2026-10-03 23:49:20 -0300,200,5e92ef719bcde3ce85969909d0cbf9bef5e17752e7fff2feca26c434e0e797a8,144073,https://ndmais.com.br/noticias/enchente-atinge-regiao-central-de-rio-dos-cedros/,original
ND_chuva-volta-a-castigar-SC_Lontras-6-41m.html,A,2026-10-03 23:44:02 -0300,200,66e68ca40c8d9ff31c445b68f2838277bfb751fd781052b46f01ed00e86c1953,181454,https://ndmais.com.br/tempo/chuva-volta-a-castigar-sc/,original
OCP_Indaial_40-ocorrencias.html,A,2026-10-03 23:29:23 -0300,200,85807a3ecc9dafd1c916858fa5b8400e587cf8eb6cacf2e5a33558df49302d15,68556,https://ocp.news/seguranca/indaial-registra-40-ocorrencias-relacionadas-as-fortes-chuvas-e-cancela-aulas-em-escola-alagada,original
OCP_Indaial_rua-interditada-ponte.html,A,2026-10-03 23:29:24 -0300,200,81841567043dc69fe93b0fa7419ae12b8d710bbcd59abe0a644955ad2d867db1,60954,https://ocp.news/seguranca/rua-e-interditada-apos-ponte-ser-comprometida-pelas-chuvas-em-indaial,original
OM_VidalRamos_granizo-chuva-elevam-itajai-mirim.html,A,2026-10-03 23:46:42 -0300,200,c9a774dc071ae15eef7ce2cccc8577a4c228d9dcae6341e0f43d13917cc91e6a,262727,https://omunicipio.com.br/clima/granizo-e-chuva-forte-elevam-nivel-do-rio-itajai-mirim-em-vidal-ramos/,original
Oauditorio_Timbo_rio-benedito-comeca-a-baixar.html,A,2026-10-03 23:30:07 -0300,200,e4333363e35f7c2eee61e88f521db9d3708b6179838f32184f3f8c35ca23cd2d,478456,https://oauditorio.com/noticias/geral-noticias/10/2023/rio-benedito-comeca-a-baixar-na-regiao-de-timbo/,original
OlharDoVale_Botuvera_3-87m-AguasNegras.html,A,2026-10-03 23:22:28 -0300,200,a5f4b61de82b3496ee8019aaa76efce029660305a10ac9e118937c31f5395224,342998,https://olhardovale.com.br/rio-chega-a-387-metros-e-ponte-e-interditada-no-bairro-aguas-negras-em-botuvera/,original
OlharDoVale_Indaial_chuvas-ocorrencias-desabrigadas.html,A,2026-10-03 23:29:21 -0300,200,8c39a7697bd811730c551274a1177170a76d580b884b524f42a5819f511b78b2,345135,https://olhardovale.com.br/chuvas-defesa-civil-de-indaial-contabiliza-ocorrencias-quatro-familias-estao-desabrigadas/,original
RCFM_Nivel-Itajai-Mirim-pode-passar-4m_2025-06-23.html,A,2026-10-03 23:46:33 -0300,200,e5c78f679e09d5a1edec543cb6e7e1d842309c04f90696373ef599ea5d9b883d,67718,https://rc.fm.br/web/page_noticia/id_989898/titulo_audio-nivel-do-rio-itajai-mirim-pode-passar-dos-4-metros/,original
RioCedros_Historicos-de-Enchentes-2024-07.pdf,A,2026-10-03 23:47:10 -0300,200,bf0a79023d485a9bdc7413087c05470145ebd12835f5798457cc685c8923fb10,2930195,https://riodoscedros.sc.gov.br/uploads/sites/444/2024/07/Historicos-de-Enchentes-Rio-dos-Cedros-SC-1.pdf,original
RioCedros_Plano-de-Contingencia-versao-10.9_2026-04.pdf,A,2026-10-03 23:47:06 -0300,200,a5fd41e97b9a16da18874134342af5a44a4a4a4b2a1ebaeb6c2e2eb6fd21d20b,2594165,https://riodoscedros.sc.gov.br/uploads/sites/444/2026/04/Plano-de-Contingencia-versao-10.9-Rio-dos-Cedros-SC.pdf,original
RioCedros_noticia-235142_niveis.html,A,2026-10-03 23:49:23 -0300,200,d935e9891d1ab008a6ef00d80eb7e1cfd7f12c27e7ce3d87bfc074dcea16e970,186262,https://riodoscedros.sc.gov.br/noticia-235142/,original
RioCedros_pref_noticia-234732_monitoramento-ATENCAO.html,A,2026-10-03 23:30:13 -0300,200,10868bc179726a11e6eaab017a96a5da22da69ff224a0e652cc57de9ccedcc07,210012,https://riodoscedros.sc.gov.br/noticia-234732/,original
SCC10_TrombudoCentral_abandone-sua-casa.html,A,2026-10-03 23:44:50 -0300,200,6b4b08dabb3c68c757b6e0a0e4e3f2cda37b6fd1cfed79629c5729b02b52dbfc,111812,https://scc10.com.br/cotidiano/tempo/abandone-sua-casa-com-nivel-de-rio-subindo-prefeita-de-cidade-de-sc-faz-apelo/,original
SDE_Boletim_Hidrometeorologico_001_2024.pdf,B,2026-10-03 23:36:26 -0300,200,53ea34b3115b1d1a8cc61055fa326bfba0b3e822b31482343bf84e21b2aad8c5,4123959,https://www.aguas.sc.gov.br/jsmallfib_top/DRHI/cadastro_de_usuarios_de_recursos_hidricos/Abastecimento%20Urbano/Boletim_Hidrometeorologico_001_2024.pdf,original
SDE_Boletim_Hidrometeorologico_010_2023.pdf,B,2026-10-03 23:36:16 -0300,200,40b3219b1c766906c7c74ab059f94548dda13dadb8e3dadcb3bc34fa5c5ec55a,5762699,https://www.aguas.sc.gov.br/jsmallfib_top/DRHI/cadastro_de_usuarios_de_recursos_hidricos/Abastecimento%20Urbano/Boletim_Hidrometeorologico_010_2023.pdf,original
SDE_Boletim_Hidrometeorologico_011_2023.pdf,B,2026-10-03 23:25:33 -0300,200,1203a4e99721dd6de0f7a25fba15dfe057a20bb9aee3d264a44b10b858963fd9,4162257,https://www.aguas.sc.gov.br/jsmallfib_top/DRHI/cadastro_de_usuarios_de_recursos_hidricos/Abastecimento%20Urbano/Boletim_Hidrometeorologico_011_2023.pdf,original
SDE_Boletim_Hidrometeorologico_62_2024-05.pdf,B,2026-10-03 23:36:35 -0300,200,d0f9fcdf95a1153612b03010312ac9579ebc0a0b3856a7543f1cda3e18a34fef,5462053,https://www.aguas.sc.gov.br/jsmallfib_top/Diretoria%20de%20Recursos%20Hidricos/Relatorios/Boletim_Hidrometeorologico_62.pdf,original
Trombudo_segue-em-alerta.html,A,2026-10-03 23:24:31 -0300,200,34c743e9eb2a55cba5b1fab56a301d034f4af95bf5478c907404da71d008b0cf,144463,https://www.trombudocentral.sc.gov.br/trombudo-central-segue-em-alerta-devido-as-chuvas/,original
VidalRamos_prefeitura_defesa-civil.html,A,2026-10-03 23:31:48 -0300,200,c4aff6a5017651826020b3132faec2bcdf40ee63bbb46dc8c15f6a74d1c90572,380008,https://vidalramos.sc.gov.br/governo/defesa-civil/,original
VigSanSC_PPR-ESP-Botuvera_VIGIDESASTRE.pdf,A,2026-10-03 23:22:24 -0300,200,25a5fabce23a7d21167e3959285f00189d62e2bc79c7daeb4932ed457cd107e3,1016302,https://www.vigilanciasanitaria.sc.gov.br/index.php/legisla-geral-2022.html?download=1249%3Appr-esp-botuvera&id=401%3Aregional-de-saude-de-blumenau&view=category,original
WAYBACK-20241203055845_SDC_Operacao-de-Barragens.pdf,C,2026-10-03 23:32:17 -0300,200 (+206 Range para completar; captura Wayback),d8ebf2374bc5c3f956be964fba2dc962065ae9acd4a0c43499e10771d919c393,18056687,http://web.archive.org/web/20241203055845id_/https://www.defesacivil.sc.gov.br/wp-content/uploads/2024/10/Operacao-de-Barragens.pdf,captura do Wayback
