id,inicio,fim,n_cidades,cidades,atinge_acu,atinge_mirim,tipos,desabrigados,desalojados,mortos,prejuizos_rs,protocolos
1991-10-15,1991-10-15,1991-10-15,1,Blumenau,True,False,Enxurrada,0,0,0,0.0,SC-D-4202404-12200-19911015
1991-11-12,1991-11-12,1991-11-13,3,"Gaspar, Guabiruba, Ilhota",True,True,Enxurrada,0,0,0,0.0,"SC-D-4205902-12200-19911112, SC-D-4206306-12200-19911113, SC-D-4207106-12200-19911113"
1992-02-21,1992-02-21,1992-02-21,1,Blumenau,True,False,Enxurrada,0,0,0,0.0,SC-P-4202404-12200-19920221
1992-03-04,1992-03-04,1992-03-04,1,Navegantes,True,False,Inundação,0,0,0,0.0,SC-D-4211306-12100-19920304
1992-05-29,1992-05-29,1992-05-29,1,Gaspar,True,False,Inundação,300,2530,0,0.0,SC-R-4205902-12100-19920529
1992-06-08,1992-06-08,1992-06-08,2,"Ascurra, Benedito Novo",True,False,"Enxurrada, Inundação",0,0,0,0.0,"SC-P-4201703-12200-19920608, SC-P-4202206-12100-19920608"
1993-02-08,1993-02-08,1993-02-08,1,Blumenau,True,False,Enxurrada,7,1,1,0.0,SC-R-4202404-12200-19930208
1994-02-28,1994-02-28,1994-02-28,1,Blumenau,True,False,Enxurrada,0,0,0,0.0,SC-P-4202404-12200-19940228
1994-05-13,1994-05-13,1994-05-13,1,Timbó,True,False,Enxurrada,0,0,0,0.0,SC-P-4218202-12200-19940513
1995-01-09,1995-01-09,1995-01-12,7,"Apiúna, Benedito Novo, Botuverá, Indaial, Ituporanga, Rodeio, Vidal Ramos",True,True,"Enxurrada, Inundação",0,553,0,0.0,"SC-R-4201257-12200-19950109, SC-R-4202206-12100-19950109, SC-R-4219200-12200-19950109, SC-D-4202701-12200-19950110, SC-R-4215109-12200-19950110, SC-P-4207502-12200-19950112, SC-R-4208500-12200-19950112"
1995-02-01,1995-02-01,1995-02-01,2,"Itajaí, Rio do Sul",True,True,Enxurrada,0,0,0,0.0,"SC-D-4208203-12200-19950201, SC-D-4214805-12200-19950201"
1995-02-11,1995-02-11,1995-02-11,1,Blumenau,True,False,Enxurrada,0,0,0,0.0,SC-D-4202404-12200-19950211
1996-01-08,1996-01-08,1996-01-09,2,"Brusque, Guabiruba",False,True,Enxurrada,0,3,0,0.0,"SC-A-4202909-12200-19960108, SC-P-4206306-12200-19960109"
1996-01-19,1996-01-19,1996-01-19,1,Taió,True,False,Inundação,0,0,0,0.0,SC-D-4217808-12100-19960119
1997-01-23,1997-01-23,1997-01-23,1,Rodeio,True,False,Enxurrada,0,0,0,0.0,SC-D-4215109-12200-19970123
1997-02-01,1997-02-01,1997-02-03,8,"Apiúna, Ascurra, Blumenau, Brusque, Gaspar, Ituporanga, Lontras, Rio do Sul",True,True,"Enxurrada, Inundação",0,0,0,0.0,"SC-D-4205902-12200-19970201, SC-D-4208500-12200-19970201, SC-D-4214805-12100-19970201, SC-A-4201257-12200-19970202, SC-A-4201703-12200-19970202, SC-P-4202404-12200-19970203, SC-D-4202909-12200-19970203, SC-D-4209904-12200-19970203"
1997-10-11,1997-10-11,1997-10-11,1,Rio do Sul,True,False,Inundação,362,6,0,1265889.7,SC-A-4214805-12100-19971011
1998-01-29,1998-01-29,1998-01-29,1,Taió,True,False,Enxurrada,0,0,0,0.0,SC-D-4217808-12200-19980129
1998-04-28,1998-04-28,1998-04-28,1,Rio do Sul,True,False,Inundação,0,763,0,0.0,SC-A-4214805-12100-19980428
1999-01-23,1999-01-23,1999-01-23,1,Itajaí,True,True,Enxurrada,0,350,0,2510944.54,SC-A-4208203-12200-19990123
1999-02-25,1999-02-25,1999-02-26,3,"Benedito Novo, Ituporanga, Rodeio",True,False,Enxurrada,26,121,2,660774.88,"SC-A-4208500-12200-19990225, SC-A-4202206-12200-19990226, SC-A-4215109-12200-19990226"
1999-07-03,1999-07-03,1999-07-03,1,Rio do Sul,True,False,Inundação,201,0,0,403072.68,SC-A-4214805-12100-19990703
1999-07-29,1999-07-29,1999-07-29,1,Gaspar,True,False,Enxurrada,5,15,0,0.0,SC-A-4205902-12200-19990729
2000-01-14,2000-01-14,2000-01-16,2,"Apiúna, Ituporanga",True,False,Enxurrada,12,1040,0,1934666.9,"SC-A-4208500-12200-20000114, SC-A-4201257-12200-20000116"
2000-02-14,2000-02-14,2000-02-15,2,"Brusque, Pomerode",True,True,Enxurrada,30,859,0,2856404.79,"SC-A-4202909-12200-20000214, SC-A-4213203-12200-20000215"
2000-02-28,2000-02-28,2000-03-09,3,"Blumenau, Gaspar, Timbó",True,False,Enxurrada,172,8,0,3224244.24,"SC-A-4218202-12200-20000228, SC-A-4205902-12200-20000305, SC-P-4202404-12200-20000309"
2001-02-12,2001-02-12,2001-02-12,1,Rio do Sul,True,False,Enxurrada,13,0,0,117739.4,SC-A-4214805-12200-20010212
2001-03-09,2001-03-09,2001-03-09,1,Benedito Novo,True,False,Enxurrada,4,95,0,803189.86,SC-A-4202206-12200-20010309
2001-03-17,2001-03-17,2001-03-24,2,"Guabiruba, Vidal Ramos",False,True,Enxurrada,53,67,0,2337617.72,"SC-A-4206306-12200-20010317, SC-A-4219200-12200-20010324"
2001-09-04,2001-09-04,2001-09-04,1,Rio do Sul,True,False,Enxurrada,21,0,0,0.0,SC-A-4214805-12200-20010904
2001-09-30,2001-09-30,2001-10-08,16,"Benedito Novo, Blumenau, Botuverá, Brusque, Guabiruba, Ilhota, Indaial, Itajaí, Ituporanga, Lontras, Navegantes, Rio do Sul, Rodeio, Taió, Timbó, Vidal Ramos",True,True,"Enxurrada, Inundação",4396,2411,2,23870628.16,"SC-A-4207106-12200-20010930, SC-A-4208500-12200-20010930, SC-A-4202206-12100-20011001, SC-A-4202404-12100-20011001, SC-A-4202701-12100-20011001, SC-A-4202909-12100-20011001, SC-A-4207502-12100-20011001, SC-A-4209904-12100-20011001, SC-A-4211306-12100-20011001, SC-A-4214805-12200-20011001, SC-D-4215109-12200-20011001, SC-A-4218202-12100-20011001, SC-D-4219200-12200-20011001, SC-A-4208203-12100-20011002, SC-A-4217808-12100-20011002, SC-A-4206306-12100-20011008"
2002-02-28,2002-02-28,2002-02-28,1,Gaspar,True,False,Enxurrada,0,0,0,0.0,SC-P-4205902-12200-20020228
2002-03-12,2002-03-12,2002-03-15,2,"Benedito Novo, Guabiruba",True,True,Enxurrada,0,0,0,633872.2,"SC-A-4202206-12200-20020312, SC-A-4206306-12200-20020315"
2002-03-27,2002-03-27,2002-03-27,1,Navegantes,True,False,Enxurrada,0,0,0,0.0,SC-P-4211306-12200-20020327
2002-09-18,2002-09-18,2002-09-18,1,Ilhota,True,False,Enxurrada,0,0,0,1164255.06,SC-A-4207106-12200-20020918
2002-10-01,2002-10-01,2002-10-01,1,Rodeio,True,False,Enxurrada,175,250,0,2920124.17,SC-A-4215109-12200-20021001
2002-11-21,2002-11-21,2002-11-28,4,"Benedito Novo, Rio do Sul, Taió, Vidal Ramos",True,True,Enxurrada,273,96,0,31707369.66,"SC-A-4202206-12200-20021121, SC-A-4214805-12200-20021121, SC-A-4219200-12200-20021121, SC-A-4217808-12200-20021128"
2003-11-06,2003-11-06,2003-11-07,2,"Itajaí, Navegantes",True,True,Enxurrada,16,16,1,1782123.76,"SC-A-4208203-12200-20031106, SC-A-4211306-12200-20031107"
2003-12-11,2003-12-11,2003-12-15,2,"Brusque, Vidal Ramos",False,True,Enxurrada,0,57,0,11065186.39,"SC-A-4219200-12200-20031211, SC-A-4202909-12200-20031215"
2004-09-14,2004-09-14,2004-09-14,1,Apiúna,True,False,Enxurrada,0,0,0,171425.38,SC-A-4201257-12200-20040914
2004-11-28,2004-11-28,2004-11-28,1,Rio do Sul,True,False,Enxurrada,0,0,0,41070.66,SC-A-4214805-12200-20041128
2005-01-06,2005-01-06,2005-01-06,1,Rodeio,True,False,Enxurrada,0,0,0,617428.1,SC-A-4215109-12200-20050106
2005-07-16,2005-07-16,2005-07-16,1,Blumenau,True,False,Inundação,396,516,0,0.0,SC-N-4202404-12100-20050716
2005-11-16,2005-11-16,2005-11-16,1,Vidal Ramos,False,True,Enxurrada,10,5,0,1701032.05,SC-A-4219200-12200-20051116
2007-01-05,2007-01-05,2007-01-05,1,Botuverá,False,True,Enxurrada,0,16,0,0.0,SC-A-4202701-12200-20070105
2007-03-02,2007-03-02,2007-03-02,2,"Botuverá, Ituporanga",True,True,Enxurrada,0,16,0,0.0,"SC-A-4202701-12200-20070302, SC-A-4208500-12200-20070302"
2007-10-16,2007-10-16,2007-10-16,1,Ituporanga,True,False,Enxurrada,0,0,0,0.0,SC-A-4208500-12200-20071016
2008-01-03,2008-01-03,2008-01-03,1,Taió,True,False,Enxurrada,0,0,0,0.0,SC-A-4217808-12200-20080103
2008-01-18,2008-01-18,2008-01-18,1,Ituporanga,True,False,Enxurrada,0,0,0,0.0,SC-A-4208500-12200-20080118
2008-01-31,2008-01-31,2008-01-31,4,"Brusque, Ilhota, Itajaí, Navegantes",True,True,Enxurrada,380,5937,0,10737091.32,"SC-A-4202909-12200-20080131, SC-A-4207106-12200-20080131, SC-A-4208203-12200-20080131, SC-A-4211306-12200-20080131"
2008-02-20,2008-02-20,2008-02-20,1,Itajaí,True,True,Enxurrada,0,25511,0,1573896.25,SC-A-4208203-12200-20080220
2008-10-04,2008-10-04,2008-10-04,1,Benedito Novo,True,False,Enxurrada,0,0,0,77972.84,SC-A-4202206-12200-20081004
2008-11-10,2008-11-10,2008-11-10,1,Lontras,True,False,Enxurrada,0,0,0,5241507.69,SC-A-4209904-12200-20081110
2008-11-21,2008-11-21,2008-11-24,15,"Apiúna, Ascurra, Blumenau, Botuverá, Brusque, Gaspar, Guabiruba, Ilhota, Indaial, Itajaí, Navegantes, Pomerode, Rio do Sul, Rodeio, Timbó",True,True,Enxurrada,31388,52366,78,3867941503.01,"SC-A-4202909-12200-20081121, SC-A-4211306-12200-20081121, SC-A-4201257-12200-20081122, SC-A-4201703-12200-20081122, SC-A-4205902-12200-20081122, SC-A-4206306-12200-20081122, SC-A-4207502-12200-20081122, SC-A-4218202-12200-20081122, SC-A-4202404-12200-20081123, SC-A-4202701-12200-20081123, SC-A-4208203-12200-20081123, SC-A-4213203-12200-20081123, SC-A-4207106-12200-20081124, SC-A-4214805-12200-20081124, SC-P-4215109-12200-20081124"
2009-01-01,2009-01-01,2009-01-01,1,Taió,True,False,Enxurrada,0,0,0,1230501.42,SC-A-4217808-12200-20090101
2009-01-12,2009-01-12,2009-01-12,1,Timbó,True,False,Enxurrada,0,0,0,0.0,SC-P-4218202-12200-20090112
2009-02-19,2009-02-19,2009-02-26,2,"Benedito Novo, Rio do Sul",True,False,Enxurrada,210,712,2,32406133.88,"SC-A-4202206-12200-20090219, SC-P-4214805-12200-20090226"
2009-04-24,2009-04-24,2009-04-24,1,Navegantes,True,False,Enxurrada,0,0,0,0.0,SC-P-4211306-12200-20090424
2009-07-23,2009-07-23,2009-07-23,1,Itajaí,True,True,Enxurrada,0,0,0,0.0,SC-P-4208203-12200-20090723
2009-07-31,2009-07-31,2009-07-31,1,Ilhota,True,False,Enxurrada,0,0,0,0.0,SC-P-4207106-12200-20090731
2009-08-20,2009-08-20,2009-08-20,1,Ascurra,True,False,Enxurrada,0,17,0,0.0,SC-P-4201703-12200-20090820
2009-09-28,2009-09-28,2009-09-30,8,"Benedito Novo, Gaspar, Ituporanga, Lontras, Navegantes, Pomerode, Rio do Sul, Taió",True,False,Enxurrada,0,0,0,0.0,"SC-P-4202206-12200-20090928, SC-P-4208500-12200-20090928, SC-P-4209904-12200-20090928, SC-P-4214805-12200-20090928, SC-P-4217808-12200-20090928, SC-P-4205902-12200-20090929, SC-P-4211306-12200-20090929, SC-P-4213203-12200-20090930"
2009-11-27,2009-11-27,2009-11-27,1,Blumenau,True,False,Enxurrada,0,0,0,0.0,SC-P-4202404-12200-20091127
2010-01-13,2010-01-13,2010-01-14,2,"Ilhota, Indaial",True,False,Enxurrada,12,41,0,0.0,"SC-P-4207106-12200-20100113, SC-P-4207502-12200-20100114"
2010-01-26,2010-01-26,2010-01-26,1,Pomerode,True,False,Enxurrada,21,1000,0,1873075.51,SC-A-4213203-12200-20100126
2010-02-26,2010-02-26,2010-02-26,1,Ilhota,True,False,Enxurrada,14,50,0,2404618.63,SC-A-4207106-12200-20100226
2010-03-25,2010-03-25,2010-03-28,2,"Gaspar, Taió",True,False,Enxurrada,1,320,0,52646.28,"SC-P-4205902-12200-20100325, SC-A-4217808-12200-20100328"
2010-04-26,2010-04-26,2010-04-28,7,"Ascurra, Blumenau, Brusque, Guabiruba, Itajaí, Navegantes, Rio do Sul",True,True,"Enxurrada, Inundação",170,1236,0,505404.24,"SC-P-4201703-12200-20100426, SC-J-4202404-12100-20100426, SC-P-4206306-12200-20100426, SC-C-4208203-12200-20100426, SC-A-4211306-12200-20100426, SC-J-4214805-12200-20100427, SC-P-4202909-12200-20100428"
2010-05-15,2010-05-15,2010-05-15,1,Gaspar,True,False,Enxurrada,15,426,0,3282100.43,SC-A-4205902-12200-20100515
2011-01-21,2011-01-21,2011-02-01,7,"Apiúna, Benedito Novo, Blumenau, Gaspar, Ilhota, Indaial, Taió",True,False,Enxurrada,76,644,1,37076195.33,"SC-A-4205902-12200-20110121, SC-P-4207106-12200-20110122, SC-A-4217808-12200-20110122, SC-A-4202404-12200-20110128, SC-A-4207502-12200-20110129, SC-A-4201257-12200-20110130, SC-A-4202206-12200-20110201"
2011-02-10,2011-02-10,2011-02-14,4,"Ascurra, Pomerode, Rodeio, Timbó",True,False,Enxurrada,7,241,0,5837487.61,"SC-A-4213203-12200-20110210, SC-A-4215109-12200-20110211, SC-A-4201703-12200-20110214, SC-A-4218202-12200-20110214"
2011-03-10,2011-03-10,2011-03-24,6,"Blumenau, Botuverá, Brusque, Guabiruba, Lontras, Pomerode",True,True,Enxurrada,90,2660,1,2025431.15,"SC-A-4202404-12200-20110310, SC-P-4213203-12200-20110311, SC-P-4202909-12200-20110312, SC-P-4206306-12200-20110312, SC-P-4202701-12200-20110318, SC-A-4209904-12200-20110324"
2011-08-06,2011-08-06,2011-08-09,3,"Ituporanga, Lontras, Rio do Sul",True,False,"Enxurrada, Inundação",328,1553,2,25937788.15,"SC-A-4208500-12100-20110806, SC-A-4209904-12100-20110809, SC-A-4214805-12200-20110809"
2011-08-30,2011-08-30,2011-08-30,1,Ilhota,True,False,Enxurrada,0,408,0,3214221.85,SC-A-4207106-12200-20110830
2011-09-08,2011-09-08,2011-09-12,19,"Apiúna, Ascurra, Benedito Novo, Blumenau, Botuverá, Brusque, Gaspar, Guabiruba, Ilhota, Indaial, Itajaí, Lontras, Navegantes, Pomerode, Rio do Sul, Rodeio, Taió, Timbó, Vidal Ramos",True,True,"Alagamento, Enxurrada, Inundação",7967,183662,4,15340453.59,"SC-A-4201257-12200-20110908, SC-A-4201703-12200-20110908, SC-A-4202206-12100-20110908, SC-A-4205902-12100-20110908, SC-A-4207502-12200-20110908, SC-A-4211306-12200-20110908, SC-A-4214805-12200-20110908, SC-A-4217808-12200-20110908, SC-A-4218202-12100-20110908, SC-A-4219200-12200-20110908, SC-P-4201257-12200-20110909, SC-A-4202701-12100-20110909, SC-A-4202909-12100-20110909, SC-A-4206306-12300-20110909, SC-A-4208203-12100-20110909, SC-A-4215109-12100-20110909, SC-A-4213203-12200-20110910, SC-A-4202404-12100-20110911, SC-P-4201703-12100-20110912, SC-P-4202206-12100-20110912, SC-P-4202909-12100-20110912, SC-P-4205902-12100-20110912, SC-P-4206306-12100-20110912, SC-P-4207106-12100-20110912, SC-P-4207502-12100-20110912, SC-P-4208203-12100-20110912, SC-P-4209904-12100-20110912, SC-P-4214805-12100-20110912, SC-P-4215109-12100-20110912, SC-P-4217808-12100-20110912, SC-P-4218202-12100-20110912"
2011-09-20,2011-09-20,2011-09-20,1,Pomerode,True,False,Enxurrada,0,0,0,0.0,SC-P-4213203-12200-20110920
2012-05-21,2012-05-21,2012-05-21,1,Itajaí,True,True,Enxurrada,0,1,0,0.0,SC-C-4208203-12200-20120521
2013-02-21,2013-02-21,2013-02-21,1,Pomerode,True,False,Enxurrada,4,3,0,2132019.68,SC-F-4213203-12200-20130214
2013-03-27,2013-03-27,2013-03-27,1,Itajaí,True,True,Enxurrada,10,1704,0,913548.13,SC-F-4208203-12200-20130309
2013-05-13,2013-05-13,2013-05-13,1,Itajaí,True,True,Enxurrada,1,40,0,2595722.5,"SC-F-4208203-12200-20130410, SC-F-4208203-12200-20130403"
2013-09-23,2013-09-23,2013-10-07,14,"Apiúna, Ascurra, Blumenau, Botuverá, Brusque, Ilhota, Indaial, Ituporanga, Lontras, Rio do Sul, Rodeio, Taió, Timbó, Vidal Ramos",True,True,"Alagamento, Chuvas intensas, Enxurrada, Inundação",2156,25330,0,355074120.28,"SC-F-4202909-12100-20130923, SC-F-4215109-12300-20130922, SC-F-4201257-12200-20130922, SC-F-4208500-12200-20130922, SC-F-4214805-12100-20130923, SC-F-4201703-12100-20130922, SC-F-4207502-12300-20130922, SC-F-4207106-12300-20130922, SC-F-4202404-12100-20130922, SC-F-4209904-13214-20130922, SC-F-4218202-12100-20130922, SC-F-4217808-12100-20130923, SC-F-4219200-12200-20130920, SC-F-4202701-12300-20130919"
2013-10-17,2013-10-17,2013-10-17,2,"Gaspar, Itajaí",True,True,"Chuvas intensas, Inundação",335,3325,0,35217093.04,"SC-F-4205902-13214-20130922, SC-F-4208203-12100-20130920"
2013-12-05,2013-12-05,2013-12-05,1,Apiúna,True,False,Enxurrada,0,0,0,43959.17,SC-F-4201257-12200-20131205
2014-02-07,2014-02-07,2014-02-07,1,Rodeio,True,False,Enxurrada,60,102,0,847131.36,SC-F-4215109-12200-20140112
2014-06-11,2014-06-11,2014-06-12,3,"Benedito Novo, Rio do Sul, Timbó",True,False,Inundação,199,1314,0,28056990.53,"SC-F-4214805-12100-20140609, SC-F-4218202-12100-20140609, SC-F-4202206-12100-20140607"
2014-06-20,2014-06-20,2014-06-20,1,Taió,True,False,Inundação,16,340,0,2996727.17,SC-F-4217808-12100-20140609
2014-07-21,2014-07-21,2014-07-21,1,Rio do Sul,True,False,Inundação,508,6498,1,34403086.96,SC-F-4214805-12100-20140629
2014-10-10,2014-10-10,2014-10-10,2,"Ituporanga, Rio do Sul",True,False,"Enxurrada, Inundação",90,683,0,953022.78,"SC-F-4208500-12200-20141001, SC-F-4214805-12100-20141001"
2015-01-15,2015-01-15,2015-01-15,1,Ituporanga,True,False,Enxurrada,18,35,0,0.0,SC-F-4208500-12200-20150108
2015-09-29,2015-09-29,2015-09-29,1,Vidal Ramos,False,True,Enxurrada,0,0,0,5213211.45,SC-F-4219200-12200-20150918
2015-10-13,2015-10-13,2015-10-28,10,"Apiúna, Ascurra, Botuverá, Brusque, Itajaí, Ituporanga, Lontras, Rio do Sul, Taió, Vidal Ramos",True,True,"Alagamento, Chuvas intensas, Enxurrada, Inundação",1371,22057,2,497058337.03,"SC-F-4202701-12300-20151009, SC-F-4208203-12100-20151013, SC-F-4201703-12100-20151022, SC-F-4202909-12100-20151021, SC-F-4214805-12100-20151023, SC-F-4217808-12100-20151023, SC-F-4201257-12200-20151022, SC-F-4208203-12100-20151022, SC-F-4209904-13214-20151022, SC-F-4219200-13214-20151021, SC-F-4208500-13214-20151021"
2015-11-06,2015-11-06,2015-11-06,1,Ilhota,True,False,Chuvas intensas,0,0,0,11736963.04,SC-F-4207106-13214-20151105
2016-01-12,2016-01-12,2016-01-12,1,Botuverá,False,True,Enxurrada,0,0,0,160641.26,SC-F-4202701-12200-20151224
2016-03-03,2016-03-03,2016-03-03,1,Botuverá,False,True,Enxurrada,0,0,0,8567.53,SC-F-4202701-12200-20160303
2016-04-10,2016-04-10,2016-04-13,2,"Ascurra, Itajaí",True,True,Enxurrada,0,26,0,5354.71,"SC-F-4201703-12200-20160410, SC-F-4208203-12200-20160413"
2016-08-20,2016-08-20,2016-08-20,1,Apiúna,True,False,Enxurrada,0,4,0,0.0,SC-F-4201257-12200-20160820
2016-12-31,2016-12-31,2017-01-09,4,"Apiúna, Botuverá, Brusque, Ituporanga",True,True,"Chuvas intensas, Enxurrada",37,1825,0,6804413.28,"SC-F-4201257-12200-20161231, SC-F-4202701-12200-20170105, SC-F-4202909-12200-20170105, SC-F-4208500-13214-20170109"
2017-01-26,2017-01-26,2017-01-31,4,"Benedito Novo, Gaspar, Ilhota, Pomerode",True,False,"Chuvas intensas, Enxurrada",0,10,0,0.0,"SC-F-4202206-12200-20170126, SC-F-4213203-12200-20170126, SC-F-4205902-13214-20170131, SC-F-4207106-12200-20170131"
2017-03-03,2017-03-03,2017-03-03,1,Brusque,False,True,Enxurrada,0,0,0,0.0,SC-F-4202909-12200-20170303
2017-05-27,2017-05-27,2017-06-06,11,"Apiúna, Ascurra, Botuverá, Brusque, Indaial, Itajaí, Ituporanga, Lontras, Rio do Sul, Taió, Vidal Ramos",True,True,"Alagamento, Chuvas intensas, Enxurrada, Inundação",1614,16345,0,177156067.38,"SC-F-4201703-12200-20170527, SC-F-4201703-12100-20170531, SC-F-4202909-13214-20170531, SC-F-4214805-12100-20170601, SC-F-4201257-12200-20170604, SC-F-4202701-12200-20170604, SC-F-4208500-13214-20170604, SC-F-4217808-13214-20170604, SC-F-4219200-13214-20170604, SC-F-4208203-12100-20170605, SC-F-4209904-13214-20170605, SC-F-4207502-12300-20170606"
2017-10-06,2017-10-06,2017-10-06,1,Brusque,False,True,Enxurrada,0,0,0,0.0,SC-F-4202909-12200-20171006
2017-11-17,2017-11-17,2017-11-17,1,Apiúna,True,False,Enxurrada,0,0,0,143392.37,SC-F-4201257-12200-20171117
2018-01-11,2018-01-11,2018-01-24,5,"Blumenau, Botuverá, Brusque, Gaspar, Navegantes",True,True,"Chuvas intensas, Enxurrada",33,1951,0,40686838.69,"SC-F-4202909-13214-20180111, SC-F-4211306-12200-20180111, SC-F-4202404-13214-20180116, SC-F-4202701-12200-20180116, SC-F-4202909-12200-20180116, SC-F-4205902-13214-20180116, SC-F-4202404-12200-20180123, SC-F-4205902-13214-20180124"
2018-02-26,2018-02-26,2018-02-26,1,Rio do Sul,True,False,Chuvas intensas,0,12,0,4277240.28,SC-F-4214805-13214-20180226
2018-03-24,2018-03-24,2018-03-31,5,"Blumenau, Botuverá, Pomerode, Taió, Timbó",True,True,"Chuvas intensas, Enxurrada",0,635,4,4522526.86,"SC-F-4217808-13214-20180324, SC-F-4202701-12200-20180325, SC-F-4202404-13214-20180331, SC-F-4202404-12200-20180331, SC-F-4213203-13214-20180331, SC-F-4218202-13214-20180331"
2018-04-13,2018-04-13,2018-04-13,1,Taió,True,False,Chuvas intensas,0,0,0,0.0,SC-F-4217808-13214-20180413
2018-09-04,2018-09-04,2018-09-04,1,Rio do Sul,True,False,Inundação,19,0,0,0.0,SC-F-4214805-12100-20180904
2018-12-15,2018-12-15,2018-12-15,1,Benedito Novo,True,False,Enxurrada,0,0,0,0.0,SC-F-4202206-12200-20181215
2019-01-13,2019-01-13,2019-01-17,3,"Blumenau, Botuverá, Navegantes",True,True,"Alagamento, Chuvas intensas, Enxurrada",0,116,0,9917978.29,"SC-F-4211306-12300-20190113, SC-F-4202404-13214-20190117, SC-F-4202701-12200-20190117"
2019-02-18,2019-02-18,2019-02-18,1,Navegantes,True,False,Chuvas intensas,1,1469,0,9129726.27,SC-F-4211306-13214-20190218
2019-05-30,2019-05-30,2019-05-31,2,"Brusque, Rio do Sul",True,True,"Chuvas intensas, Inundação",160,15,0,18647.95,"SC-F-4202909-13214-20190530, SC-F-4214805-12100-20190531"
2020-01-13,2020-01-13,2020-01-13,1,Brusque,False,True,Chuvas intensas,8,124,0,1240870.79,SC-F-4202909-13214-20200110
2020-02-03,2020-02-03,2020-02-14,5,"Ascurra, Gaspar, Ilhota, Navegantes, Rodeio",True,False,"Chuvas intensas, Enxurrada, Inundação",0,50,0,646050.93,"SC-F-4215109-12200-20200202, SC-F-4211306-12200-20200206, SC-F-4215109-13214-20200207, SC-F-4205902-13214-20200207, SC-F-4201703-12100-20200209, SC-F-4207106-13214-20200206"
2020-02-27,2020-02-27,2020-02-27,1,Brusque,False,True,Chuvas intensas,4,88,0,0.0,SC-F-4202909-13214-20200206
2020-03-18,2020-03-18,2020-03-18,1,Brusque,False,True,Chuvas intensas,0,0,0,0.0,SC-F-4202909-13214-20200209
2020-06-22,2020-06-22,2020-06-22,1,Rodeio,True,False,Chuvas intensas,0,0,0,5050.23,SC-F-4215109-13214-20200610
2020-11-28,2020-11-28,2020-11-28,2,"Ascurra, Rodeio",True,False,Chuvas intensas,0,4,0,0.0,"SC-F-4201703-13214-20201126, SC-F-4215109-13214-20201127"
2020-12-15,2020-12-15,2020-12-20,6,"Apiúna, Ascurra, Brusque, Lontras, Rio do Sul, Vidal Ramos",True,True,"Chuvas intensas, Enxurrada",52,199,2,40115969.82,"SC-F-4202909-13214-20201215, SC-F-4201703-13214-20201215, SC-F-4201257-12200-20201216, SC-F-4214805-12200-20201216, SC-F-4201703-12200-20201217, SC-F-4219200-13214-20201216, SC-F-4209904-12200-20201216"
2021-01-21,2021-01-21,2021-01-29,8,"Ascurra, Benedito Novo, Blumenau, Brusque, Gaspar, Guabiruba, Rodeio, Timbó",True,True,"Chuvas intensas, Enxurrada",72,462,0,976075.81,"SC-F-4215109-13214-20210120, SC-F-4202206-12200-20210121, SC-F-4202909-13214-20210120, SC-F-4201703-12200-20210124, SC-F-4201703-13214-20210124, SC-F-4205902-13214-20210120, SC-F-4206306-13214-20210124, SC-F-4218202-13214-20210121, SC-F-4202404-13214-20210127"
2021-02-12,2021-02-12,2021-02-12,1,Ituporanga,True,False,Chuvas intensas,0,0,0,0.0,SC-F-4208500-13214-20210124
2021-03-08,2021-03-08,2021-03-08,1,Brusque,False,True,Chuvas intensas,0,4,0,239714.38,SC-F-4202909-13214-20210305
2021-06-09,2021-06-09,2021-06-11,2,"Brusque, Itajaí",True,True,Chuvas intensas,0,184,0,328969.16,"SC-F-4202909-13214-20210609, SC-F-4208203-13214-20210609"
2021-09-22,2021-09-22,2021-09-22,1,Rio do Sul,True,False,Enxurrada,0,0,0,0.0,SC-F-4214805-12200-20210917
2021-10-12,2021-10-12,2021-10-13,2,"Botuverá, Guabiruba",False,True,Chuvas intensas,5,30,0,21531.14,"SC-F-4206306-13214-20211012, SC-F-4202701-13214-20211012"
2021-12-02,2021-12-02,2021-12-02,1,Taió,True,False,Alagamento,0,0,0,0.0,SC-F-4217808-12300-20211018
2021-12-28,2021-12-28,2021-12-28,1,Rodeio,True,False,Chuvas intensas,0,0,0,0.0,SC-F-4215109-13214-20211227
2022-01-05,2022-01-05,2022-01-05,1,Brusque,False,True,Chuvas intensas,0,0,0,0.0,SC-F-4202909-13214-20220105
2022-01-16,2022-01-16,2022-01-16,1,Benedito Novo,True,False,Chuvas intensas,0,0,0,0.0,SC-F-4202206-13214-20220116
2022-01-27,2022-01-27,2022-01-27,1,Taió,True,False,Chuvas intensas,0,0,0,510502.74,SC-F-4217808-13214-20220127
2022-02-21,2022-02-21,2022-03-11,7,"Ascurra, Benedito Novo, Brusque, Gaspar, Indaial, Rio do Sul, Taió",True,True,"Alagamento, Chuvas intensas, Enxurrada",48,20,0,645785.97,"SC-F-4202909-13214-20220221, SC-F-4201703-13214-20220222, SC-F-4205902-13214-20220222, SC-F-4217808-12300-20220301, SC-F-4205902-13214-20220306, SC-F-4202206-13214-20220307, SC-F-4207502-12200-20220307, SC-F-4214805-12300-20220308, SC-F-4202909-13214-20220311"
2022-05-02,2022-05-02,2022-05-04,14,"Apiúna, Ascurra, Benedito Novo, Botuverá, Brusque, Gaspar, Indaial, Itajaí, Ituporanga, Lontras, Pomerode, Rio do Sul, Rodeio, Taió",True,True,"Alagamento, Chuvas intensas, Inundação",514,2693,0,62084090.28,"SC-F-4208500-12100-20220502, SC-F-4201703-13214-20220503, SC-F-4202909-13214-20220503, SC-F-4205902-13214-20220503, SC-F-4209904-12100-20220503, SC-F-4213203-13214-20220503, SC-F-4214805-12100-20220503, SC-F-4217808-12100-20220503, SC-F-4201257-12300-20220504, SC-F-4202206-12100-20220504, SC-F-4202701-13214-20220504, SC-F-4207502-12100-20220504, SC-F-4207502-13214-20220504, SC-F-4208203-13214-20220504, SC-F-4215109-13214-20220504"
2022-06-02,2022-06-02,2022-06-08,2,"Ascurra, Brusque",True,True,Chuvas intensas,0,0,0,117415.63,"SC-F-4202909-13214-20220602, SC-F-4201703-13214-20220608"
2022-06-22,2022-06-22,2022-06-22,2,"Ituporanga, Rio do Sul",True,False,Chuvas intensas,84,0,0,0.0,"SC-F-4208500-13214-20220622, SC-F-4214805-13214-20220622"
2022-08-08,2022-08-08,2022-08-10,6,"Benedito Novo, Brusque, Gaspar, Itajaí, Pomerode, Rodeio",True,True,Chuvas intensas,0,0,0,331826.79,"SC-F-4213203-13214-20220808, SC-F-4208203-13214-20220809, SC-F-4202206-13214-20220810, SC-F-4202909-13214-20220810, SC-F-4205902-13214-20220810, SC-F-4215109-13214-20220810"
2022-08-31,2022-08-31,2022-08-31,1,Apiúna,True,False,Chuvas intensas,19,22,0,78106.92,SC-F-4201257-13214-20220831
2022-10-10,2022-10-10,2022-10-16,3,"Brusque, Gaspar, Rio do Sul",True,True,"Chuvas intensas, Inundação",84,0,0,0.0,"SC-F-4214805-12100-20221010, SC-F-4202909-13214-20221016, SC-F-4205902-13214-20221016"
2022-11-26,2022-11-26,2022-12-04,11,"Ascurra, Benedito Novo, Blumenau, Botuverá, Brusque, Gaspar, Indaial, Itajaí, Pomerode, Rodeio, Timbó",True,True,"Chuvas intensas, Inundação",61,737,2,33907212.68,"SC-F-4202404-13214-20221126, SC-F-4205902-13214-20221126, SC-F-4208203-13214-20221126, SC-F-4202206-13214-20221127, SC-F-4205902-13214-20221127, SC-F-4213203-13214-20221127, SC-F-4215109-12100-20221127, SC-F-4218202-13214-20221127, SC-F-4202909-13214-20221128, SC-F-4202701-13214-20221130, SC-F-4207502-13214-20221130, SC-F-4201703-13214-20221201, SC-F-4215109-13214-20221204"
2022-12-20,2022-12-20,2022-12-20,4,"Gaspar, Ilhota, Itajaí, Navegantes",True,True,Chuvas intensas,167,3669,0,10097780.7,"SC-F-4205902-13214-20221220, SC-F-4207106-13214-20221220, SC-F-4208203-13214-20221220, SC-F-4211306-13214-20221220"
2023-01-03,2023-01-03,2023-01-03,2,"Benedito Novo, Brusque",True,True,Chuvas intensas,0,27,0,49411.81,"SC-F-4202206-13214-20230103, SC-F-4202909-13214-20230103"
2023-01-12,2023-01-12,2023-01-17,6,"Ascurra, Indaial, Ituporanga, Rodeio, Taió, Timbó",True,False,"Chuvas intensas, Enxurrada",15,4267,5,33970676.23,"SC-F-4208500-12200-20230112, SC-F-4201703-13214-20230117, SC-F-4207502-13214-20230117, SC-F-4215109-13214-20230117, SC-F-4217808-12200-20230117, SC-F-4218202-13214-20230117"
2023-01-29,2023-01-29,2023-02-10,2,"Brusque, Rio do Sul",True,True,"Alagamento, Chuvas intensas",0,0,0,0.0,"SC-F-4202909-13214-20230129, SC-F-4214805-12300-20230202, SC-F-4202909-13214-20230209, SC-F-4214805-12300-20230210"
2023-03-03,2023-03-03,2023-03-13,3,"Indaial, Itajaí, Rio do Sul",True,True,"Alagamento, Chuvas intensas",130,75,0,0.0,"SC-F-4207502-13214-20230303, SC-F-4214805-12300-20230308, SC-F-4208203-12300-20230313"
2023-03-29,2023-03-29,2023-03-29,1,Ascurra,True,False,Chuvas intensas,0,0,0,2111.62,SC-F-4201703-13214-20230329
2023-04-17,2023-04-17,2023-04-17,1,Ascurra,True,False,Chuvas intensas,0,0,0,0.0,SC-F-4201703-13214-20230417
2023-07-11,2023-07-11,2023-07-13,2,"Ascurra, Rio do Sul",True,False,"Chuvas intensas, Inundação",9,9,0,0.0,"SC-F-4201703-13214-20230711, SC-F-4214805-12100-20230713"
2023-09-27,2023-09-27,2023-10-12,16,"Apiúna, Ascurra, Benedito Novo, Blumenau, Botuverá, Brusque, Gaspar, Ilhota, Indaial, Itajaí, Lontras, Navegantes, Rodeio, Taió, Timbó, Vidal Ramos",True,True,"Alagamento, Chuvas intensas",1885,20927,0,148247878.32,"SC-F-4207502-13214-20230927, SC-F-4205902-13214-20231003, SC-F-4201703-13214-20231004, SC-F-4202206-13214-20231004, SC-F-4202404-13214-20231004, SC-F-4202701-13214-20231004, SC-F-4202909-13214-20231004, SC-F-4207502-13214-20231004, SC-F-4208203-13214-20231004, SC-F-4209904-13214-20231004, SC-F-4215109-13214-20231004, SC-F-4217808-13214-20231004, SC-F-4218202-13214-20231004, SC-F-4201257-13214-20231005, SC-F-4207106-13214-20231007, SC-F-4219200-13214-20231008, SC-F-4211306-12300-20231009, SC-F-4207502-13214-20231012"
2023-10-28,2023-10-28,2023-11-03,6,"Ascurra, Benedito Novo, Brusque, Indaial, Rodeio, Timbó",True,True,Chuvas intensas,50,48,0,3084053.09,"SC-F-4202909-13214-20231028, SC-F-4201703-13214-20231029, SC-F-4215109-13214-20231102, SC-F-4201703-13214-20231103, SC-F-4202206-13214-20231103, SC-F-4207502-13214-20231103, SC-F-4218202-13214-20231103"
2023-11-16,2023-11-16,2023-11-17,10,"Ascurra, Botuverá, Brusque, Indaial, Itajaí, Ituporanga, Lontras, Rio do Sul, Rodeio, Vidal Ramos",True,True,"Chuvas intensas, Inundação",2406,23806,0,615603148.21,"SC-F-4201703-13214-20231116, SC-F-4202701-13214-20231116, SC-F-4202909-13214-20231116, SC-F-4207502-13214-20231116, SC-F-4208500-13214-20231116, SC-F-4209904-13214-20231116, SC-F-4214805-13214-20231116, SC-F-4208203-12100-20231117, SC-F-4215109-13214-20231117, SC-F-4219200-13214-20231117"
2023-11-28,2023-11-28,2023-12-02,2,"Brusque, Ituporanga",True,True,"Chuvas intensas, Enxurrada",0,78,0,0.0,"SC-F-4202909-13214-20231128, SC-F-4208500-12200-20231202"
2024-02-18,2024-02-18,2024-02-18,1,Brusque,False,True,Chuvas intensas,0,0,0,0.0,SC-F-4202909-13214-20240218
2024-02-28,2024-02-28,2024-03-04,3,"Apiúna, Ascurra, Rodeio",True,False,"Chuvas intensas, Enxurrada",0,4,0,0.0,"SC-F-4201257-12200-20240228, SC-F-4215109-13214-20240229, SC-F-4201703-13214-20240304"
2024-04-14,2024-04-14,2024-04-14,2,"Botuverá, Brusque",False,True,Chuvas intensas,0,0,0,49400.38,"SC-F-4202701-13214-20240414, SC-F-4202909-13214-20240414"
2024-05-15,2024-05-15,2024-05-19,10,"Apiúna, Ascurra, Blumenau, Botuverá, Brusque, Indaial, Lontras, Rio do Sul, Rodeio, Taió",True,True,"Chuvas intensas, Inundação",522,3215,0,60557010.46,"SC-F-4209904-13214-20240515, SC-F-4201257-13214-20240518, SC-F-4201703-13214-20240518, SC-F-4202701-13214-20240518, SC-F-4202404-12100-20240519, SC-F-4202909-13214-20240519, SC-F-4207502-13214-20240519, SC-F-4214805-13214-20240519, SC-F-4215109-13214-20240519, SC-F-4217808-13214-20240519"
2024-07-07,2024-07-07,2024-07-08,2,"Ituporanga, Rio do Sul",True,False,Chuvas intensas,255,211,0,0.0,"SC-F-4208500-13214-20240707, SC-F-4214805-13214-20240708"
2024-10-10,2024-10-10,2024-10-10,1,Itajaí,True,True,Chuvas intensas,0,0,0,0.0,SC-F-4208203-13214-20241010
2025-01-16,2025-01-16,2025-01-17,5,"Brusque, Gaspar, Ilhota, Itajaí, Rodeio",True,True,"Chuvas intensas, Enxurrada",0,164,0,3334925.15,"SC-F-4202909-13214-20250116, SC-F-4205902-13214-20250116, SC-F-4208203-13214-20250116, SC-F-4207106-13214-20250117, SC-F-4215109-12200-20250117"
2025-01-31,2025-01-31,2025-01-31,1,Ituporanga,True,False,Enxurrada,0,9,0,0.0,SC-F-4208500-12200-20250131
2025-02-13,2025-02-13,2025-02-17,6,"Blumenau, Brusque, Gaspar, Indaial, Ituporanga, Pomerode",True,True,"Chuvas intensas, Enxurrada",9,107,1,411034.28,"SC-F-4202404-13214-20250213, SC-F-4213203-13214-20250213, SC-F-4202909-13214-20250216, SC-F-4205902-12200-20250217, SC-F-4207502-13214-20250217, SC-F-4208500-12200-20250217, SC-F-4213203-13214-20250217"
2025-03-09,2025-03-09,2025-03-09,1,Brusque,False,True,Chuvas intensas,0,4,0,0.0,SC-F-4202909-13214-20250309
2025-03-18,2025-03-18,2025-03-18,1,Brusque,False,True,Chuvas intensas,0,9,0,830531.78,SC-F-4202909-13214-20250318
2025-06-23,2025-06-23,2025-06-26,4,"Blumenau, Botuverá, Gaspar, Ilhota",True,True,Chuvas intensas,0,2,0,72885.36,"SC-F-4202701-13214-20250623, SC-F-4202404-13214-20250626, SC-F-4202701-13214-20250626, SC-F-4205902-13214-20250626, SC-F-4207106-13214-20250626"
2025-09-22,2025-09-22,2025-09-23,2,"Gaspar, Indaial",True,False,Chuvas intensas,0,0,0,0.0,"SC-F-4205902-13214-20250922, SC-F-4207502-13214-20250923"
2025-10-01,2025-10-01,2025-10-01,1,Gaspar,True,False,Enxurrada,0,11,0,0.0,SC-F-4205902-12200-20251001
2025-11-25,2025-11-25,2025-11-25,1,Ilhota,True,False,Chuvas intensas,0,20,0,1221729.29,SC-F-4207106-13214-20251125
2025-12-09,2025-12-09,2025-12-09,3,"Indaial, Rodeio, Timbó",True,False,"Alagamento, Chuvas intensas",1,5,0,12000.0,"SC-F-4207502-13214-20251209, SC-F-4215109-13214-20251209, SC-F-4218202-12300-20251209"
2025-12-24,2025-12-24,2025-12-31,9,"Ascurra, Benedito Novo, Blumenau, Botuverá, Brusque, Gaspar, Pomerode, Rodeio, Timbó",True,True,"Chuvas intensas, Enxurrada",0,177,0,11825190.7,"SC-F-4201703-13214-20251224, SC-F-4202404-13214-20251227, SC-F-4213203-13214-20251227, SC-F-4201703-13214-20251229, SC-F-4202206-13214-20251229, SC-F-4201703-13214-20251230, SC-F-4202701-13214-20251230, SC-F-4202909-13214-20251230, SC-F-4213203-13214-20251230, SC-F-4215109-13214-20251230, SC-F-4218202-12200-20251230, SC-F-4205902-13214-20251231"
