protocolo,data_evento,data_registro,ano,municipio,cod_ibge,bacia,cobrade,tipo,status,mortos,feridos,desabrigados,desalojados,desaparecidos,danos_humanos_total,outros_afetados,casas_danificadas,casas_destruidas,danos_materiais_rs,prejuizos_rs
SC-D-4202404-12200-19911015,1991-10-15,1991-10-15,1991,Blumenau,4202404,acu,12200,Enxurrada,Registro,0,0,0,0,0,0,0,0,0,0.0,0.0
SC-D-4205902-12200-19911112,1991-11-12,1991-11-12,1991,Gaspar,4205902,acu,12200,Enxurrada,Registro,0,0,0,0,0,0,0,0,0,0.0,0.0
SC-D-4206306-12200-19911113,1991-11-13,1991-11-13,1991,Guabiruba,4206306,mirim,12200,Enxurrada,Registro,0,0,0,0,0,0,0,0,0,0.0,0.0
SC-D-4207106-12200-19911113,1991-11-13,1991-11-13,1991,Ilhota,4207106,acu,12200,Enxurrada,Registro,0,0,0,0,0,0,0,0,0,0.0,0.0
SC-P-4202404-12200-19920221,1992-02-21,1992-02-21,1992,Blumenau,4202404,acu,12200,Enxurrada,Registro,0,0,0,0,0,0,0,0,0,0.0,0.0
SC-D-4211306-12100-19920304,1992-03-04,1992-03-04,1992,Navegantes,4211306,acu,12100,Inundação,Registro,0,0,0,0,0,0,0,0,0,0.0,0.0
SC-R-4205902-12100-19920529,1992-05-29,1992-05-29,1992,Gaspar,4205902,acu,12100,Inundação,Registro,0,69,300,2530,0,2899,0,0,0,0.0,0.0
SC-P-4201703-12200-19920608,1992-06-08,1992-06-08,1992,Ascurra,4201703,acu,12200,Enxurrada,Registro,0,0,0,0,0,0,0,0,0,0.0,0.0
SC-P-4202206-12100-19920608,1992-06-08,1992-06-08,1992,Benedito Novo,4202206,acu,12100,Inundação,Registro,0,0,0,0,0,0,0,0,0,0.0,0.0
SC-R-4202404-12200-19930208,1993-02-08,1993-02-08,1993,Blumenau,4202404,acu,12200,Enxurrada,Registro,1,0,7,1,0,9,0,0,0,0.0,0.0
SC-P-4202404-12200-19940228,1994-02-28,1994-02-28,1994,Blumenau,4202404,acu,12200,Enxurrada,Registro,0,0,0,0,0,0,0,0,0,0.0,0.0
SC-P-4218202-12200-19940513,1994-05-13,1994-05-13,1994,Timbó,4218202,acu,12200,Enxurrada,Registro,0,0,0,0,0,0,0,0,0,0.0,0.0
SC-R-4201257-12200-19950109,1995-01-09,1995-01-09,1995,Apiúna,4201257,acu,12200,Enxurrada,Registro,0,0,0,98,0,98,0,0,0,0.0,0.0
SC-R-4202206-12100-19950109,1995-01-09,1995-01-09,1995,Benedito Novo,4202206,acu,12100,Inundação,Registro,0,5,0,121,0,126,0,0,0,0.0,0.0
SC-R-4219200-12200-19950109,1995-01-09,1995-01-09,1995,Vidal Ramos,4219200,mirim,12200,Enxurrada,Registro,0,0,0,0,0,0,0,5,1,0.0,0.0
SC-D-4202701-12200-19950110,1995-01-10,1995-01-10,1995,Botuverá,4202701,mirim,12200,Enxurrada,Registro,0,0,0,0,0,0,0,0,0,0.0,0.0
SC-R-4215109-12200-19950110,1995-01-10,1995-01-10,1995,Rodeio,4215109,acu,12200,Enxurrada,Registro,0,0,0,50,0,50,0,0,0,0.0,0.0
SC-P-4207502-12200-19950112,1995-01-12,1995-01-12,1995,Indaial,4207502,acu,12200,Enxurrada,Registro,0,0,0,0,0,0,0,0,0,0.0,0.0
SC-R-4208500-12200-19950112,1995-01-12,1995-01-12,1995,Ituporanga,4208500,acu,12200,Enxurrada,Registro,0,0,0,284,0,284,0,0,0,0.0,0.0
SC-D-4208203-12200-19950201,1995-02-01,1995-02-01,1995,Itajaí,4208203,ambos,12200,Enxurrada,Registro,0,0,0,0,0,0,0,0,0,0.0,0.0
SC-D-4214805-12200-19950201,1995-02-01,1995-02-01,1995,Rio do Sul,4214805,acu,12200,Enxurrada,Registro,0,0,0,0,0,0,0,0,0,0.0,0.0
SC-D-4202404-12200-19950211,1995-02-11,1995-02-11,1995,Blumenau,4202404,acu,12200,Enxurrada,Registro,0,0,0,0,0,0,0,0,0,0.0,0.0
SC-A-4202909-12200-19960108,1996-01-08,1996-01-08,1996,Brusque,4202909,mirim,12200,Enxurrada,Registro,0,0,0,3,0,3,250,0,0,0.0,0.0
SC-P-4206306-12200-19960109,1996-01-09,1996-01-09,1996,Guabiruba,4206306,mirim,12200,Enxurrada,Registro,0,0,0,0,0,0,0,0,0,0.0,0.0
SC-D-4217808-12100-19960119,1996-01-19,1996-01-19,1996,Taió,4217808,acu,12100,Inundação,Registro,0,0,0,0,0,0,0,0,0,0.0,0.0
SC-D-4215109-12200-19970123,1997-01-23,1997-01-23,1997,Rodeio,4215109,acu,12200,Enxurrada,Registro,0,0,0,0,0,0,0,0,0,0.0,0.0
SC-D-4205902-12200-19970201,1997-02-01,1997-02-01,1997,Gaspar,4205902,acu,12200,Enxurrada,Registro,0,0,0,0,0,0,0,0,0,0.0,0.0
SC-D-4208500-12200-19970201,1997-02-01,1997-02-01,1997,Ituporanga,4208500,acu,12200,Enxurrada,Registro,0,0,0,0,0,0,0,0,0,0.0,0.0
SC-D-4214805-12100-19970201,1997-02-01,1997-02-01,1997,Rio do Sul,4214805,acu,12100,Inundação,Registro,0,0,0,0,0,0,0,0,0,0.0,0.0
SC-A-4201257-12200-19970202,1997-02-02,1997-02-02,1997,Apiúna,4201257,acu,12200,Enxurrada,Registro,0,0,0,0,0,0,0,0,0,1947212.51,0.0
SC-A-4201703-12200-19970202,1997-02-02,1997-02-02,1997,Ascurra,4201703,acu,12200,Enxurrada,Registro,0,0,0,0,0,0,0,0,0,1136881.84,0.0
SC-P-4202404-12200-19970203,1997-02-03,1997-02-03,1997,Blumenau,4202404,acu,12200,Enxurrada,Registro,0,0,0,0,0,0,0,0,0,0.0,0.0
SC-D-4202909-12200-19970203,1997-02-03,1997-02-03,1997,Brusque,4202909,mirim,12200,Enxurrada,Registro,0,0,0,0,0,0,0,0,0,0.0,0.0
SC-D-4209904-12200-19970203,1997-02-03,1997-02-03,1997,Lontras,4209904,acu,12200,Enxurrada,Registro,0,0,0,0,0,0,0,0,0,0.0,0.0
SC-A-4214805-12100-19971011,1997-10-11,1997-10-11,1997,Rio do Sul,4214805,acu,12100,Inundação,Registro,0,0,362,6,0,368,392,2,0,80629.92,1265889.7
SC-D-4217808-12200-19980129,1998-01-29,1998-01-29,1998,Taió,4217808,acu,12200,Enxurrada,Registro,0,0,0,0,0,0,0,0,0,0.0,0.0
SC-A-4214805-12100-19980428,1998-04-28,1998-04-28,1998,Rio do Sul,4214805,acu,12100,Inundação,Registro,0,0,0,763,0,763,0,0,1,110991.2,0.0
SC-A-4208203-12200-19990123,1999-01-23,1999-01-23,1999,Itajaí,4208203,ambos,12200,Enxurrada,Registro,0,0,0,350,0,350,800,0,0,9911623.18,2510944.54
SC-A-4208500-12200-19990225,1999-02-25,1999-02-25,1999,Ituporanga,4208500,acu,12200,Enxurrada,Registro,0,7,6,64,0,77,83,13,1,1063847.55,660774.88
SC-A-4202206-12200-19990226,1999-02-26,1999-02-26,1999,Benedito Novo,4202206,acu,12200,Enxurrada,Registro,0,0,14,57,0,77,6,20,4,4460230.43,0.0
SC-A-4215109-12200-19990226,1999-02-26,1999-02-26,1999,Rodeio,4215109,acu,12200,Enxurrada,Registro,2,2,6,0,0,10,2,34,4,1532997.72,0.0
SC-A-4214805-12100-19990703,1999-07-03,1999-07-03,1999,Rio do Sul,4214805,acu,12100,Inundação,Registro,0,0,201,0,0,201,0,0,0,0.0,403072.68
SC-A-4205902-12200-19990729,1999-07-29,1999-07-29,1999,Gaspar,4205902,acu,12200,Enxurrada,Registro,0,0,5,15,0,20,0,0,0,0.0,0.0
SC-A-4208500-12200-20000114,2000-01-14,2000-01-14,2000,Ituporanga,4208500,acu,12200,Enxurrada,Registro,0,6,12,980,0,998,1350,172,1,4771977.76,1582635.75
SC-A-4201257-12200-20000116,2000-01-16,2000-01-16,2000,Apiúna,4201257,acu,12200,Enxurrada,Registro,0,0,0,60,0,60,0,0,0,605373.22,352031.15
SC-A-4202909-12200-20000214,2000-02-14,2000-02-14,2000,Brusque,4202909,mirim,12200,Enxurrada,Registro,0,0,0,39,0,39,0,38,0,469374.86,199020.96
SC-A-4213203-12200-20000215,2000-02-15,2000-02-15,2000,Pomerode,4213203,acu,12200,Enxurrada,Registro,0,0,30,820,0,850,30,323,0,3413498.6,2657383.83
SC-A-4218202-12200-20000228,2000-02-28,2000-02-28,2000,Timbó,4218202,acu,12200,Enxurrada,Registro,0,0,150,0,0,150,0,7,2,2765099.35,2700710.74
SC-A-4205902-12200-20000305,2000-03-05,2000-03-05,2000,Gaspar,4205902,acu,12200,Enxurrada,Registro,0,0,22,8,0,30,7,1,0,1979799.1,523533.5
SC-P-4202404-12200-20000309,2000-03-09,2000-03-09,2000,Blumenau,4202404,acu,12200,Enxurrada,Registro,0,0,0,0,0,0,0,0,0,0.0,0.0
SC-A-4214805-12200-20010212,2001-02-12,2001-02-12,2001,Rio do Sul,4214805,acu,12200,Enxurrada,Registro,0,0,13,0,0,13,0,0,23,4177840.97,117739.4
SC-A-4202206-12200-20010309,2001-03-09,2001-03-09,2001,Benedito Novo,4202206,acu,12200,Enxurrada,Registro,0,0,4,95,0,99,4500,30,1,2665489.25,803189.86
SC-A-4206306-12200-20010317,2001-03-17,2001-03-17,2001,Guabiruba,4206306,mirim,12200,Enxurrada,Registro,0,0,0,0,0,0,0,0,0,1449938.94,436071.86
SC-A-4219200-12200-20010324,2001-03-24,2001-03-24,2001,Vidal Ramos,4219200,mirim,12200,Enxurrada,Registro,0,1,53,67,0,121,0,18,0,4765748.96,1901545.86
SC-A-4214805-12200-20010904,2001-09-04,2001-09-04,2001,Rio do Sul,4214805,acu,12200,Enxurrada,Registro,0,0,21,0,0,21,0,11,0,2966923.92,0.0
SC-A-4207106-12200-20010930,2001-09-30,2001-09-30,2001,Ilhota,4207106,acu,12200,Enxurrada,Registro,0,0,37,177,0,214,27,61,0,4421223.58,4057376.12
SC-A-4208500-12200-20010930,2001-09-30,2001-09-30,2001,Ituporanga,4208500,acu,12200,Enxurrada,Registro,0,0,0,158,0,159,1346,60,0,3079757.52,1733385.65
SC-A-4202206-12100-20011001,2001-10-01,2001-10-01,2001,Benedito Novo,4202206,acu,12100,Inundação,Registro,0,0,37,44,0,81,2700,32,0,1028039.41,691173.9
SC-A-4202404-12100-20011001,2001-10-01,2001-10-01,2001,Blumenau,4202404,acu,12100,Inundação,Registro,0,0,396,516,0,912,16828,70,43,4932790.38,738596.71
SC-A-4202701-12100-20011001,2001-10-01,2001-10-01,2001,Botuverá,4202701,mirim,12100,Inundação,Registro,0,0,0,0,0,0,0,3,1,1617554.06,264368.57
SC-A-4202909-12100-20011001,2001-10-01,2001-10-01,2001,Brusque,4202909,mirim,12100,Inundação,Registro,1,1,20,101,0,123,322,21,4,3210579.07,2145800.61
SC-A-4207502-12100-20011001,2001-10-01,2001-10-01,2001,Indaial,4207502,acu,12100,Inundação,Registro,0,0,144,224,0,368,40,0,19,2466531.46,83507.76
SC-A-4209904-12100-20011001,2001-10-01,2001-10-01,2001,Lontras,4209904,acu,12100,Inundação,Registro,0,0,144,95,0,239,30,3,0,868328.09,2589176.67
SC-A-4211306-12100-20011001,2001-10-01,2001-10-01,2001,Navegantes,4211306,acu,12100,Inundação,Registro,0,0,0,261,0,261,800,90,0,234388.63,1031855.04
SC-A-4214805-12200-20011001,2001-10-01,2001-10-01,2001,Rio do Sul,4214805,acu,12200,Enxurrada,Registro,1,6,2885,0,0,2894,0,840,91,12088457.06,867237.91
SC-D-4215109-12200-20011001,2001-10-01,2001-10-01,2001,Rodeio,4215109,acu,12200,Enxurrada,Registro,0,0,0,0,0,0,0,0,0,0.0,0.0
SC-A-4218202-12100-20011001,2001-10-01,2001-10-01,2001,Timbó,4218202,acu,12100,Inundação,Registro,0,0,350,0,0,350,0,0,0,212585.03,0.0
SC-D-4219200-12200-20011001,2001-10-01,2001-10-01,2001,Vidal Ramos,4219200,mirim,12200,Enxurrada,Registro,0,0,0,0,0,0,0,0,0,0.0,0.0
SC-A-4208203-12100-20011002,2001-10-02,2001-10-02,2001,Itajaí,4208203,ambos,12100,Inundação,Registro,0,0,383,10,0,404,131,954,2,10117957.34,2246751.24
SC-A-4217808-12100-20011002,2001-10-02,2001-10-02,2001,Taió,4217808,acu,12100,Inundação,Registro,0,4,0,825,0,829,240,304,0,4308935.07,7421397.98
SC-A-4206306-12100-20011008,2001-10-08,2001-10-08,2001,Guabiruba,4206306,mirim,12100,Inundação,Registro,0,0,0,0,0,0,0,0,0,2561922.18,0.0
SC-P-4205902-12200-20020228,2002-02-28,2002-02-28,2002,Gaspar,4205902,acu,12200,Enxurrada,Registro,0,0,0,0,0,0,0,0,0,0.0,0.0
SC-A-4202206-12200-20020312,2002-03-12,2002-03-12,2002,Benedito Novo,4202206,acu,12200,Enxurrada,Registro,0,0,0,0,0,0,0,5,0,600669.37,51744.67
SC-A-4206306-12200-20020315,2002-03-15,2002-03-15,2002,Guabiruba,4206306,mirim,12200,Enxurrada,Registro,0,0,0,0,0,0,0,0,0,603687.81,582127.53
SC-P-4211306-12200-20020327,2002-03-27,2002-03-27,2002,Navegantes,4211306,acu,12200,Enxurrada,Registro,0,0,0,0,0,0,0,0,0,0.0,0.0
SC-A-4207106-12200-20020918,2002-09-18,2002-09-18,2002,Ilhota,4207106,acu,12200,Enxurrada,Registro,0,0,0,0,0,0,0,0,0,2091347.05,1164255.06
SC-A-4215109-12200-20021001,2002-10-01,2002-10-01,2002,Rodeio,4215109,acu,12200,Enxurrada,Registro,0,0,175,250,0,425,175,80,0,2186212.27,2920124.17
SC-A-4202206-12200-20021121,2002-11-21,2002-11-21,2002,Benedito Novo,4202206,acu,12200,Enxurrada,Registro,0,0,0,0,0,0,0,0,0,625248.09,215602.79
SC-A-4214805-12200-20021121,2002-11-21,2002-11-21,2002,Rio do Sul,4214805,acu,12200,Enxurrada,Registro,0,0,16,0,0,16,0,8,0,3392294.27,554530.37
SC-A-4219200-12200-20021121,2002-11-21,2002-11-21,2002,Vidal Ramos,4219200,mirim,12200,Enxurrada,Registro,0,0,0,0,0,0,0,0,0,858099.1,30503482.5
SC-A-4217808-12200-20021128,2002-11-28,2002-11-28,2002,Taió,4217808,acu,12200,Enxurrada,Registro,0,32,257,96,0,385,52,121,0,4269150.81,433754.0
SC-A-4208203-12200-20031106,2003-11-06,2003-11-06,2003,Itajaí,4208203,ambos,12200,Enxurrada,Registro,1,0,16,16,0,33,16,800,7,14793629.58,1509799.23
SC-A-4211306-12200-20031107,2003-11-07,2003-11-07,2003,Navegantes,4211306,acu,12200,Enxurrada,Registro,0,0,0,0,0,0,0,0,0,184219.53,272324.53
SC-A-4219200-12200-20031211,2003-12-11,2003-12-11,2003,Vidal Ramos,4219200,mirim,12200,Enxurrada,Registro,0,0,0,0,0,0,4,0,0,6045524.46,11065186.39
SC-A-4202909-12200-20031215,2003-12-15,2003-12-15,2003,Brusque,4202909,mirim,12200,Enxurrada,Registro,0,0,0,57,0,57,0,17,0,1101312.44,0.0
SC-A-4201257-12200-20040914,2004-09-14,2004-09-14,2004,Apiúna,4201257,acu,12200,Enxurrada,Registro,0,0,0,0,0,0,0,1,0,307137.14,171425.38
SC-A-4214805-12200-20041128,2004-11-28,2004-11-28,2004,Rio do Sul,4214805,acu,12200,Enxurrada,Registro,0,0,0,0,0,0,0,0,0,1297833.0,41070.66
SC-A-4215109-12200-20050106,2005-01-06,2005-01-06,2005,Rodeio,4215109,acu,12200,Enxurrada,Reconhecido,0,0,0,0,0,0,0,10,0,1555918.81,617428.1
SC-N-4202404-12100-20050716,2005-07-16,2005-07-16,2005,Blumenau,4202404,acu,12100,Inundação,Registro,0,0,396,516,0,912,16828,0,0,0.0,0.0
SC-A-4219200-12200-20051116,2005-11-16,2005-11-16,2005,Vidal Ramos,4219200,mirim,12200,Enxurrada,Registro,0,0,10,5,0,15,3980,3,2,1689988.91,1701032.05
SC-A-4202701-12200-20070105,2007-01-05,2007-01-05,2007,Botuverá,4202701,mirim,12200,Enxurrada,Reconhecido,0,0,0,16,0,16,78,7,0,1402003.74,0.0
SC-A-4202701-12200-20070302,2007-03-02,2007-03-02,2007,Botuverá,4202701,mirim,12200,Enxurrada,Reconhecido,0,0,0,16,0,16,78,7,0,1063317.44,0.0
SC-A-4208500-12200-20070302,2007-03-02,2007-03-02,2007,Ituporanga,4208500,acu,12200,Enxurrada,Reconhecido,0,0,0,0,0,0,0,1,0,1807167.07,0.0
SC-A-4208500-12200-20071016,2007-10-16,2007-10-16,2007,Ituporanga,4208500,acu,12200,Enxurrada,Reconhecido,0,0,0,0,0,0,0,100,0,4611174.54,0.0
SC-A-4217808-12200-20080103,2008-01-03,2008-01-03,2008,Taió,4217808,acu,12200,Enxurrada,Reconhecido,0,0,0,0,0,0,0,60,0,665657.04,0.0
SC-A-4208500-12200-20080118,2008-01-18,2008-01-18,2008,Ituporanga,4208500,acu,12200,Enxurrada,Reconhecido,0,0,0,0,0,0,0,0,0,1246843.5,0.0
SC-A-4202909-12200-20080131,2008-01-31,2008-01-31,2008,Brusque,4202909,mirim,12200,Enxurrada,Registro,0,0,36,1945,0,1981,3668,468,5,3207860.46,251245.82
SC-A-4207106-12200-20080131,2008-01-31,2008-01-31,2008,Ilhota,4207106,acu,12200,Enxurrada,Registro,0,0,118,56,0,174,118,61,0,2154360.74,6796286.15
SC-A-4208203-12200-20080131,2008-01-31,2008-01-31,2008,Itajaí,4208203,ambos,12200,Enxurrada,Reconhecido,0,0,218,3800,0,4018,8300,15,0,7508495.86,2705946.39
SC-A-4211306-12200-20080131,2008-01-31,2008-01-31,2008,Navegantes,4211306,acu,12200,Enxurrada,Registro,0,0,8,136,0,144,12553,10,3,748539.28,983612.96
SC-A-4208203-12200-20080220,2008-02-20,2008-02-20,2008,Itajaí,4208203,ambos,12200,Enxurrada,Registro,0,0,0,25511,0,25511,0,6300,2,5198189.44,1573896.25
SC-A-4202206-12200-20081004,2008-10-04,2008-10-04,2008,Benedito Novo,4202206,acu,12200,Enxurrada,Registro,0,0,0,0,0,0,0,0,0,148725.98,77972.84
SC-A-4209904-12200-20081110,2008-11-10,2008-11-10,2008,Lontras,4209904,acu,12200,Enxurrada,Registro,0,0,0,0,0,0,0,0,0,2165912.27,5241507.69
SC-A-4202909-12200-20081121,2008-11-21,2008-11-21,2008,Brusque,4202909,mirim,12200,Enxurrada,Reconhecido,1,66,1200,8000,0,9267,94962,2226,370,43006931.57,4100793.89
SC-A-4211306-12200-20081121,2008-11-21,2008-11-21,2008,Navegantes,4211306,acu,12200,Enxurrada,Registro,0,6,651,4121,0,4940,41900,2030,0,61477253.81,9203596.56
SC-A-4201257-12200-20081122,2008-11-22,2008-11-22,2008,Apiúna,4201257,acu,12200,Enxurrada,Registro,0,0,0,6,0,6,10,0,2,1501699.17,9488139.67
SC-A-4201703-12200-20081122,2008-11-22,2008-11-22,2008,Ascurra,4201703,acu,12200,Enxurrada,Registro,1,31,0,110,0,142,2653,43,2,2581767.42,11743489.68
SC-A-4205902-12200-20081122,2008-11-22,2008-11-22,2008,Gaspar,4205902,acu,12200,Enxurrada,Registro,16,281,4305,7153,5,11760,8,8762,1238,776840.53,799979638.36
SC-A-4206306-12200-20081122,2008-11-22,2008-11-22,2008,Guabiruba,4206306,mirim,12200,Enxurrada,Registro,0,15,100,60,0,195,9860,300,15,37744631.12,14670445.76
SC-A-4207502-12200-20081122,2008-11-22,2008-11-22,2008,Indaial,4207502,acu,12200,Enxurrada,Registro,0,0,80,761,0,844,8572,38,12,33024386.32,3568845.84
SC-A-4218202-12200-20081122,2008-11-22,2008-11-22,2008,Timbó,4218202,acu,12200,Enxurrada,Registro,2,0,127,700,0,829,1200,130,12,4407631.47,7505665.74
SC-A-4202404-12200-20081123,2008-11-23,2008-11-23,2008,Blumenau,4202404,acu,12200,Enxurrada,Registro,24,2383,5209,25000,6,33102,103000,800,3990,1652928942.78,1605727750.95
SC-A-4202701-12200-20081123,2008-11-23,2008-11-23,2008,Botuverá,4202701,mirim,12200,Enxurrada,Registro,0,0,8,6,0,14,169,5,1,5328144.18,6815403.94
SC-A-4208203-12200-20081123,2008-11-23,2008-11-23,2008,Itajaí,4208203,ambos,12200,Enxurrada,Registro,5,1806,18208,1929,5,22235,100344,28438,141,1079349168.11,1205630516.77
SC-A-4213203-12200-20081123,2008-11-23,2008-11-23,2008,Pomerode,4213203,acu,12200,Enxurrada,Registro,3,157,200,1020,0,1380,28,202,150,35679794.76,27199526.26
SC-A-4207106-12200-20081124,2008-11-24,2008-11-24,2008,Ilhota,4207106,acu,12200,Enxurrada,Registro,26,67,1300,3500,18,4952,3500,406,583,157100836.5,150011083.67
SC-A-4214805-12200-20081124,2008-11-24,2008-11-24,2008,Rio do Sul,4214805,acu,12200,Enxurrada,Reconhecido,0,0,0,0,0,0,0,0,0,231030.64,12296605.92
SC-P-4215109-12200-20081124,2008-11-24,2008-11-24,2008,Rodeio,4215109,acu,12200,Enxurrada,Registro,0,0,0,0,0,0,0,0,0,0.0,0.0
SC-A-4217808-12200-20090101,2009-01-01,2009-01-01,2009,Taió,4217808,acu,12200,Enxurrada,Reconhecido,0,0,0,0,0,0,0,0,0,1860400.96,1230501.42
SC-P-4218202-12200-20090112,2009-01-12,2009-01-12,2009,Timbó,4218202,acu,12200,Enxurrada,Reconhecido,0,0,0,0,0,0,0,0,0,0.0,0.0
SC-A-4202206-12200-20090219,2009-02-19,2009-02-19,2009,Benedito Novo,4202206,acu,12200,Enxurrada,Reconhecido,2,0,210,712,0,924,102,191,65,14305750.94,32406133.88
SC-P-4214805-12200-20090226,2009-02-26,2009-02-26,2009,Rio do Sul,4214805,acu,12200,Enxurrada,Reconhecido,0,0,0,0,0,0,0,0,0,0.0,0.0
SC-P-4211306-12200-20090424,2009-04-24,2009-04-24,2009,Navegantes,4211306,acu,12200,Enxurrada,Reconhecido,0,0,0,0,0,0,0,0,0,0.0,0.0
SC-P-4208203-12200-20090723,2009-07-23,2009-07-23,2009,Itajaí,4208203,ambos,12200,Enxurrada,Reconhecido,0,0,0,0,0,0,0,0,0,0.0,0.0
SC-P-4207106-12200-20090731,2009-07-31,2009-07-31,2009,Ilhota,4207106,acu,12200,Enxurrada,Reconhecido,0,0,0,0,0,0,0,0,0,0.0,0.0
SC-P-4201703-12200-20090820,2009-08-20,2009-08-20,2009,Ascurra,4201703,acu,12200,Enxurrada,Reconhecido,0,0,0,17,0,17,1640,0,0,0.0,0.0
SC-P-4202206-12200-20090928,2009-09-28,2009-09-28,2009,Benedito Novo,4202206,acu,12200,Enxurrada,Reconhecido,0,0,0,0,0,0,0,0,0,0.0,0.0
SC-P-4208500-12200-20090928,2009-09-28,2009-09-28,2009,Ituporanga,4208500,acu,12200,Enxurrada,Reconhecido,0,0,0,0,0,0,0,0,0,0.0,0.0
SC-P-4209904-12200-20090928,2009-09-28,2009-09-28,2009,Lontras,4209904,acu,12200,Enxurrada,Reconhecido,0,0,0,0,0,0,0,0,0,0.0,0.0
SC-P-4214805-12200-20090928,2009-09-28,2009-09-28,2009,Rio do Sul,4214805,acu,12200,Enxurrada,Reconhecido,0,0,0,0,0,0,0,0,0,0.0,0.0
SC-P-4217808-12200-20090928,2009-09-28,2009-09-28,2009,Taió,4217808,acu,12200,Enxurrada,Reconhecido,0,0,0,0,0,0,0,0,0,0.0,0.0
SC-P-4205902-12200-20090929,2009-09-29,2009-09-29,2009,Gaspar,4205902,acu,12200,Enxurrada,Reconhecido,0,0,0,0,0,0,0,0,0,0.0,0.0
SC-P-4211306-12200-20090929,2009-09-29,2009-09-29,2009,Navegantes,4211306,acu,12200,Enxurrada,Reconhecido,0,0,0,0,0,0,0,0,0,0.0,0.0
SC-P-4213203-12200-20090930,2009-09-30,2009-09-30,2009,Pomerode,4213203,acu,12200,Enxurrada,Reconhecido,0,0,0,0,0,0,0,0,0,0.0,0.0
SC-P-4202404-12200-20091127,2009-11-27,2009-11-27,2009,Blumenau,4202404,acu,12200,Enxurrada,Reconhecido,0,0,0,0,0,0,0,0,0,0.0,0.0
SC-P-4207106-12200-20100113,2010-01-13,2010-01-13,2010,Ilhota,4207106,acu,12200,Enxurrada,Reconhecido,0,0,12,41,0,53,1901,0,0,0.0,0.0
SC-P-4207502-12200-20100114,2010-01-14,2010-01-14,2010,Indaial,4207502,acu,12200,Enxurrada,Reconhecido,0,0,0,0,0,0,0,0,0,0.0,0.0
SC-A-4213203-12200-20100126,2010-01-26,2010-01-26,2010,Pomerode,4213203,acu,12200,Enxurrada,Reconhecido,0,2,21,1000,0,1023,26500,478,0,24128735.69,1873075.51
SC-A-4207106-12200-20100226,2010-02-26,2010-02-26,2010,Ilhota,4207106,acu,12200,Enxurrada,Registro,0,0,14,50,0,64,1822,19,0,5788510.66,2404618.63
SC-P-4205902-12200-20100325,2010-03-25,2010-03-25,2010,Gaspar,4205902,acu,12200,Enxurrada,Reconhecido,0,0,1,320,0,321,6286,0,0,0.0,0.0
SC-A-4217808-12200-20100328,2010-03-28,2010-03-28,2010,Taió,4217808,acu,12200,Enxurrada,Reconhecido,0,0,0,0,0,0,0,3,1,755474.05,52646.28
SC-P-4201703-12200-20100426,2010-04-26,2010-04-26,2010,Ascurra,4201703,acu,12200,Enxurrada,Reconhecido,0,0,0,46,0,46,2640,0,0,0.0,0.0
SC-J-4202404-12100-20100426,2010-04-26,2010-04-26,2010,Blumenau,4202404,acu,12100,Inundação,Registro,0,0,16,104,0,120,3000,0,0,0.0,0.0
SC-P-4206306-12200-20100426,2010-04-26,2010-04-26,2010,Guabiruba,4206306,mirim,12200,Enxurrada,Reconhecido,0,0,0,0,0,0,0,0,0,0.0,0.0
SC-C-4208203-12200-20100426,2010-04-26,2010-04-26,2010,Itajaí,4208203,ambos,12200,Enxurrada,Registro,0,0,7,450,0,457,0,0,0,0.0,0.0
SC-A-4211306-12200-20100426,2010-04-26,2010-04-26,2010,Navegantes,4211306,acu,12200,Enxurrada,Reconhecido,0,0,0,135,0,142,445,330,0,1522793.52,505404.24
SC-J-4214805-12200-20100427,2010-04-27,2010-04-27,2010,Rio do Sul,4214805,acu,12200,Enxurrada,Registro,0,0,147,453,0,600,616,0,0,0.0,0.0
SC-P-4202909-12200-20100428,2010-04-28,2010-04-28,2010,Brusque,4202909,mirim,12200,Enxurrada,Reconhecido,0,0,0,48,0,48,2000,0,0,0.0,0.0
SC-A-4205902-12200-20100515,2010-05-15,2010-05-15,2010,Gaspar,4205902,acu,12200,Enxurrada,Reconhecido,0,0,15,426,0,441,19074,115,10,35251946.09,3282100.43
SC-A-4205902-12200-20110121,2011-01-21,2011-01-21,2011,Gaspar,4205902,acu,12200,Enxurrada,Reconhecido,0,0,0,0,0,0,0,600,0,29708329.18,23897279.71
SC-P-4207106-12200-20110122,2011-01-22,2011-01-22,2011,Ilhota,4207106,acu,12200,Enxurrada,Reconhecido,0,4,0,309,0,313,3240,0,0,0.0,0.0
SC-A-4217808-12200-20110122,2011-01-22,2011-01-22,2011,Taió,4217808,acu,12200,Enxurrada,Reconhecido,0,0,8,50,0,68,2122,50,0,9652073.19,12171640.33
SC-A-4202404-12200-20110128,2011-01-28,2011-01-28,2011,Blumenau,4202404,acu,12200,Enxurrada,Reconhecido,1,1,68,260,0,330,9300,0,0,8628452.03,179954.76
SC-A-4207502-12200-20110129,2011-01-29,2011-01-29,2011,Indaial,4207502,acu,12200,Enxurrada,Reconhecido,0,0,0,0,0,0,0,30,0,7959826.59,451265.73
SC-A-4201257-12200-20110130,2011-01-30,2011-01-30,2011,Apiúna,4201257,acu,12200,Enxurrada,Reconhecido,0,0,0,2,0,2,0,1,0,887489.33,376054.8
SC-A-4202206-12200-20110201,2011-02-01,2011-02-01,2011,Benedito Novo,4202206,acu,12200,Enxurrada,Reconhecido,0,0,0,23,0,23,3015,6,0,2080836.56,0.0
SC-A-4213203-12200-20110210,2011-02-10,2011-02-10,2011,Pomerode,4213203,acu,12200,Enxurrada,Reconhecido,0,0,7,213,0,220,7847,85,0,7175125.58,981115.92
SC-A-4215109-12200-20110211,2011-02-11,2011-02-11,2011,Rodeio,4215109,acu,12200,Enxurrada,Reconhecido,0,0,0,0,0,0,0,5,0,255717.26,320900.1
SC-A-4201703-12200-20110214,2011-02-14,2011-02-14,2011,Ascurra,4201703,acu,12200,Enxurrada,Reconhecido,0,0,0,18,0,18,160,5,2,3008438.4,887489.33
SC-A-4218202-12200-20110214,2011-02-14,2011-02-14,2011,Timbó,4218202,acu,12200,Enxurrada,Reconhecido,0,0,0,10,0,20,150,2,0,1185826.14,3647982.26
SC-A-4202404-12200-20110310,2011-03-10,2011-03-10,2011,Blumenau,4202404,acu,12200,Enxurrada,Reconhecido,1,2,0,1720,0,1723,12736,0,0,11065287.16,195297.79
SC-P-4213203-12200-20110311,2011-03-11,2011-03-11,2011,Pomerode,4213203,acu,12200,Enxurrada,Reconhecido,0,0,0,730,0,730,16340,0,0,0.0,0.0
SC-P-4202909-12200-20110312,2011-03-12,2011-03-12,2011,Brusque,4202909,mirim,12200,Enxurrada,Reconhecido,0,0,80,100,0,180,97000,0,0,0.0,0.0
SC-P-4206306-12200-20110312,2011-03-12,2011-03-12,2011,Guabiruba,4206306,mirim,12200,Enxurrada,Reconhecido,0,0,10,90,0,100,18500,0,0,0.0,0.0
SC-P-4202701-12200-20110318,2011-03-18,2011-03-18,2011,Botuverá,4202701,mirim,12200,Enxurrada,Reconhecido,0,0,0,20,0,20,140,0,0,0.0,0.0
SC-A-4209904-12200-20110324,2011-03-24,2011-03-24,2011,Lontras,4209904,acu,12200,Enxurrada,Reconhecido,0,0,0,0,0,0,0,0,0,1529289.52,1830133.36
SC-A-4208500-12100-20110806,2011-08-06,2011-08-06,2011,Ituporanga,4208500,acu,12100,Inundação,Reconhecido,2,20,328,1521,0,1873,12030,516,23,15636107.87,25406297.37
SC-A-4209904-12100-20110809,2011-08-09,2011-08-09,2011,Lontras,4209904,acu,12100,Inundação,Reconhecido,0,0,0,32,0,32,27,12,0,366026.67,280787.58
SC-A-4214805-12200-20110809,2011-08-09,2011-08-09,2011,Rio do Sul,4214805,acu,12200,Enxurrada,Reconhecido,0,0,0,0,0,0,0,28,0,16656720.6,250703.2
SC-A-4207106-12200-20110830,2011-08-30,2011-08-30,2011,Ilhota,4207106,acu,12200,Enxurrada,Registro,0,1,0,408,0,409,112,2,0,0.0,3214221.85
SC-A-4201257-12200-20110908,2011-09-08,2011-09-08,2011,Apiúna,4201257,acu,12200,Enxurrada,Registro,0,0,11,160,0,171,250,0,0,0.0,0.0
SC-A-4201703-12200-20110908,2011-09-08,2011-09-08,2011,Ascurra,4201703,acu,12200,Enxurrada,Registro,0,2,112,730,0,844,168,0,0,0.0,0.0
SC-A-4202206-12100-20110908,2011-09-08,2011-09-08,2011,Benedito Novo,4202206,acu,12100,Inundação,Registro,0,9,12,932,0,960,10336,0,0,0.0,0.0
SC-A-4205902-12100-20110908,2011-09-08,2011-09-08,2011,Gaspar,4205902,acu,12100,Inundação,Registro,0,0,558,23039,0,23597,58869,0,0,0.0,0.0
SC-A-4207502-12200-20110908,2011-09-08,2011-09-08,2011,Indaial,4207502,acu,12200,Enxurrada,Registro,0,0,11,435,0,446,22460,0,0,0.0,0.0
SC-A-4211306-12200-20110908,2011-09-08,2011-09-08,2011,Navegantes,4211306,acu,12200,Enxurrada,Reconhecido,0,0,185,4113,0,4298,20891,0,0,1774978.63,300843.84
SC-A-4214805-12200-20110908,2011-09-08,2011-09-08,2011,Rio do Sul,4214805,acu,12200,Enxurrada,Registro,2,0,2580,10320,0,12902,50000,0,0,0.0,0.0
SC-A-4217808-12200-20110908,2011-09-08,2011-09-08,2011,Taió,4217808,acu,12200,Enxurrada,Registro,0,0,55,3235,0,3342,17260,0,0,0.0,0.0
SC-A-4218202-12100-20110908,2011-09-08,2011-09-08,2011,Timbó,4218202,acu,12100,Inundação,Registro,0,0,412,3710,0,4122,36774,0,0,0.0,0.0
SC-A-4219200-12200-20110908,2011-09-08,2011-09-08,2011,Vidal Ramos,4219200,mirim,12200,Enxurrada,Registro,0,0,0,28,0,28,16,0,0,0.0,0.0
SC-P-4201257-12200-20110909,2011-09-09,2011-09-09,2011,Apiúna,4201257,acu,12200,Enxurrada,Reconhecido,0,0,0,0,0,0,0,0,0,0.0,0.0
SC-A-4202701-12100-20110909,2011-09-09,2011-09-09,2011,Botuverá,4202701,mirim,12100,Inundação,Reconhecido,0,0,22,235,0,257,3800,42,0,10178549.91,9470438.73
SC-A-4202909-12100-20110909,2011-09-09,2011-09-09,2011,Brusque,4202909,mirim,12100,Inundação,Registro,0,2,18,350,0,370,10,0,0,0.0,0.0
SC-A-4206306-12300-20110909,2011-09-09,2011-09-09,2011,Guabiruba,4206306,mirim,12300,Alagamento,Registro,1,0,0,35,0,36,430,0,0,0.0,0.0
SC-A-4208203-12100-20110909,2011-09-09,2011-09-09,2011,Itajaí,4208203,ambos,12100,Inundação,Registro,1,0,3215,45630,0,48863,42415,0,0,0.0,0.0
SC-A-4215109-12100-20110909,2011-09-09,2011-09-09,2011,Rodeio,4215109,acu,12100,Inundação,Registro,0,8,102,576,0,686,0,0,0,0.0,0.0
SC-A-4213203-12200-20110910,2011-09-10,2011-09-10,2011,Pomerode,4213203,acu,12200,Enxurrada,Registro,0,0,6,134,0,140,9070,0,0,0.0,0.0
SC-A-4202404-12100-20110911,2011-09-11,2011-09-11,2011,Blumenau,4202404,acu,12100,Inundação,Reconhecido,0,138,668,90000,0,90871,302000,0,0,186877674.95,5569171.02
SC-P-4201703-12100-20110912,2011-09-12,2011-09-12,2011,Ascurra,4201703,acu,12100,Inundação,Reconhecido,0,0,0,0,0,0,0,0,0,0.0,0.0
SC-P-4202206-12100-20110912,2011-09-12,2011-09-12,2011,Benedito Novo,4202206,acu,12100,Inundação,Reconhecido,0,0,0,0,0,0,0,0,0,0.0,0.0
SC-P-4202909-12100-20110912,2011-09-12,2011-09-12,2011,Brusque,4202909,mirim,12100,Inundação,Reconhecido,0,0,0,0,0,0,0,0,0,0.0,0.0
SC-P-4205902-12100-20110912,2011-09-12,2011-09-12,2011,Gaspar,4205902,acu,12100,Inundação,Reconhecido,0,0,0,0,0,0,0,0,0,0.0,0.0
SC-P-4206306-12100-20110912,2011-09-12,2011-09-12,2011,Guabiruba,4206306,mirim,12100,Inundação,Reconhecido,0,0,0,0,0,0,0,0,0,0.0,0.0
SC-P-4207106-12100-20110912,2011-09-12,2011-09-12,2011,Ilhota,4207106,acu,12100,Inundação,Reconhecido,0,0,0,0,0,0,0,0,0,0.0,0.0
SC-P-4207502-12100-20110912,2011-09-12,2011-09-12,2011,Indaial,4207502,acu,12100,Inundação,Reconhecido,0,0,0,0,0,0,0,0,0,0.0,0.0
SC-P-4208203-12100-20110912,2011-09-12,2011-09-12,2011,Itajaí,4208203,ambos,12100,Inundação,Reconhecido,0,0,0,0,0,0,0,0,0,0.0,0.0
SC-P-4209904-12100-20110912,2011-09-12,2011-09-12,2011,Lontras,4209904,acu,12100,Inundação,Registro,0,0,0,0,0,0,0,0,0,0.0,0.0
SC-P-4214805-12100-20110912,2011-09-12,2011-09-12,2011,Rio do Sul,4214805,acu,12100,Inundação,Reconhecido,0,0,0,0,0,0,0,0,0,0.0,0.0
SC-P-4215109-12100-20110912,2011-09-12,2011-09-12,2011,Rodeio,4215109,acu,12100,Inundação,Reconhecido,0,0,0,0,0,0,0,0,0,0.0,0.0
SC-P-4217808-12100-20110912,2011-09-12,2011-09-12,2011,Taió,4217808,acu,12100,Inundação,Reconhecido,0,0,0,0,0,0,0,0,0,0.0,0.0
SC-P-4218202-12100-20110912,2011-09-12,2011-09-12,2011,Timbó,4218202,acu,12100,Inundação,Reconhecido,0,0,0,0,0,0,0,0,0,0.0,0.0
SC-P-4213203-12200-20110920,2011-09-20,2011-09-20,2011,Pomerode,4213203,acu,12200,Enxurrada,Reconhecido,0,0,0,0,0,0,0,0,0,0.0,0.0
SC-C-4208203-12200-20120521,2012-05-21,2012-05-21,2012,Itajaí,4208203,ambos,12200,Enxurrada,Registro,0,0,0,1,0,1,100,0,0,0.0,0.0
SC-F-4213203-12200-20130214,2013-02-21,2013-02-21,2013,Pomerode,4213203,acu,12200,Enxurrada,Registro,0,0,4,3,0,7,0,0,0,1318775.04,2132019.68
SC-F-4208203-12200-20130309,2013-03-27,2013-03-27,2013,Itajaí,4208203,ambos,12200,Enxurrada,Registro,0,0,10,1704,0,1714,0,200,8,3321932.46,913548.13
SC-F-4208203-12200-20130410,2013-05-13,2013-05-13,2013,Itajaí,4208203,ambos,12200,Enxurrada,Registro,0,0,1,40,0,41,6810,980,8,4529747.64,1297861.25
SC-F-4208203-12200-20130403,2013-05-13,2013-05-13,2013,Itajaí,4208203,ambos,12200,Enxurrada,Registro,0,0,0,0,0,0,0,1500,8,4925380.18,1297861.25
SC-F-4202909-12100-20130923,2013-09-23,2013-09-23,2013,Brusque,4202909,mirim,12100,Inundação,Reconhecido,0,0,0,0,0,0,0,0,0,0.0,0.0
SC-F-4215109-12300-20130922,2013-09-25,2013-09-25,2013,Rodeio,4215109,acu,12300,Alagamento,Reconhecido,0,0,44,48,0,92,16,23,0,1386032.57,0.0
SC-F-4201257-12200-20130922,2013-09-26,2013-09-26,2013,Apiúna,4201257,acu,12200,Enxurrada,Reconhecido,0,0,10,243,0,253,3358,0,0,1197887.33,9996314.84
SC-F-4208500-12200-20130922,2013-09-26,2013-09-26,2013,Ituporanga,4208500,acu,12200,Enxurrada,Reconhecido,0,0,79,243,0,322,0,9,0,3682463.87,12351537.19
SC-F-4214805-12100-20130923,2013-09-26,2013-09-26,2013,Rio do Sul,4214805,acu,12100,Inundação,Reconhecido,0,1,690,8010,0,8733,0,2143,25,39298181.26,11093267.54
SC-F-4201703-12100-20130922,2013-09-27,2013-09-27,2013,Ascurra,4201703,acu,12100,Inundação,Reconhecido,0,0,84,128,0,212,7207,65,0,1769356.52,2706785.78
SC-F-4207502-12300-20130922,2013-09-27,2013-09-27,2013,Indaial,4207502,acu,12300,Alagamento,Reconhecido,0,0,172,332,0,504,13163,0,0,1528702.4,9962158.56
SC-F-4207106-12300-20130922,2013-10-01,2013-10-01,2013,Ilhota,4207106,acu,12300,Alagamento,Reconhecido,0,0,293,0,0,293,0,20,0,173199.12,170914.74
SC-F-4202404-12100-20130922,2013-10-02,2013-10-02,2013,Blumenau,4202404,acu,12100,Inundação,Reconhecido,0,0,281,12340,0,12621,31000,37,0,90678132.41,288285583.05
SC-F-4209904-13214-20130922,2013-10-02,2013-10-02,2013,Lontras,4209904,acu,13214,Chuvas intensas,Reconhecido,0,0,356,1012,0,1402,252,68,0,2651045.55,6986452.6
SC-F-4218202-12100-20130922,2013-10-02,2013-10-02,2013,Timbó,4218202,acu,12100,Inundação,Reconhecido,0,0,35,1757,0,1792,0,448,0,2175978.82,5538855.16
SC-F-4217808-12100-20130923,2013-10-03,2013-10-03,2013,Taió,4217808,acu,12100,Inundação,Reconhecido,0,0,112,1204,0,1342,0,160,0,14286729.65,1835295.27
SC-F-4219200-12200-20130920,2013-10-04,2013-10-04,2013,Vidal Ramos,4219200,mirim,12200,Enxurrada,Reconhecido,0,0,0,0,0,0,300,0,0,142867.3,4755502.81
SC-F-4202701-12300-20130919,2013-10-07,2013-10-07,2013,Botuverá,4202701,mirim,12300,Alagamento,Reconhecido,0,0,0,13,0,14,274,0,0,1391452.74,1391452.74
SC-F-4205902-13214-20130922,2013-10-17,2013-10-17,2013,Gaspar,4205902,acu,13214,Chuvas intensas,Registro,0,0,88,2585,0,2673,6663,0,0,0.0,7941695.23
SC-F-4208203-12100-20130920,2013-10-17,2013-10-17,2013,Itajaí,4208203,ambos,12100,Inundação,Registro,0,0,247,740,0,987,0,308,0,426579.75,27275397.81
SC-F-4201257-12200-20131205,2013-12-05,2013-12-05,2013,Apiúna,4201257,acu,12200,Enxurrada,Registro,0,0,0,0,0,0,0,1,0,6593.88,43959.17
SC-F-4215109-12200-20140112,2014-02-07,2014-02-07,2014,Rodeio,4215109,acu,12200,Enxurrada,Registro,0,0,60,102,0,162,4600,54,0,1418945.02,847131.36
SC-F-4214805-12100-20140609,2014-06-11,2014-06-11,2014,Rio do Sul,4214805,acu,12100,Inundação,Registro,0,0,151,1016,0,1167,0,389,0,4468617.91,1376588.45
SC-F-4218202-12100-20140609,2014-06-11,2014-06-11,2014,Timbó,4218202,acu,12100,Inundação,Reconhecido,0,0,35,20,0,55,20,0,0,52268004.7,22332500.39
SC-F-4202206-12100-20140607,2014-06-12,2014-06-12,2014,Benedito Novo,4202206,acu,12100,Inundação,Reconhecido,0,5,13,278,0,296,10035,83,5,4131883.19,4347901.69
SC-F-4217808-12100-20140609,2014-06-20,2014-06-20,2014,Taió,4217808,acu,12100,Inundação,Reconhecido,0,0,16,340,0,356,13500,545,0,5866384.64,2996727.17
SC-F-4214805-12100-20140629,2014-07-21,2014-07-21,2014,Rio do Sul,4214805,acu,12100,Inundação,Reconhecido,1,0,508,6498,0,7020,0,2166,0,23767569.71,34403086.96
SC-F-4208500-12200-20141001,2014-10-10,2014-10-10,2014,Ituporanga,4208500,acu,12200,Enxurrada,Registro,0,0,2,5,0,7,0,1,0,7923.49,0.0
SC-F-4214805-12100-20141001,2014-10-10,2014-10-10,2014,Rio do Sul,4214805,acu,12100,Inundação,Registro,0,0,88,678,0,766,0,0,0,9170.2,953022.78
SC-F-4208500-12200-20150108,2015-01-15,2015-01-15,2015,Ituporanga,4208500,acu,12200,Enxurrada,Registro,0,0,18,35,0,53,0,2,0,200876.04,0.0
SC-F-4219200-12200-20150918,2015-09-29,2015-09-29,2015,Vidal Ramos,4219200,mirim,12200,Enxurrada,Reconhecido,0,0,0,0,0,0,1000,40,0,572018.43,5213211.45
SC-F-4202701-12300-20151009,2015-10-13,2015-10-13,2015,Botuverá,4202701,mirim,12300,Alagamento,Registro,0,0,0,0,0,0,0,0,0,7652.42,765.24
SC-F-4208203-12100-20151013,2015-10-20,2015-10-20,2015,Itajaí,4208203,ambos,12100,Inundação,Registro,0,0,0,0,0,0,24800,0,0,0.0,60607170.17
SC-F-4201703-12100-20151022,2015-10-22,2015-10-22,2015,Ascurra,4201703,acu,12100,Inundação,Reconhecido,0,0,4,56,0,60,5500,20,0,809616.52,1226221.94
SC-F-4202909-12100-20151021,2015-10-22,2015-10-22,2015,Brusque,4202909,mirim,12100,Inundação,Registro,0,0,30,0,0,30,0,0,0,1796313.88,0.0
SC-F-4214805-12100-20151023,2015-10-23,2015-10-23,2015,Rio do Sul,4214805,acu,12100,Inundação,Reconhecido,1,2,866,17636,0,18540,0,4626,3,73280248.06,164887073.66
SC-F-4217808-12100-20151023,2015-10-25,2015-10-25,2015,Taió,4217808,acu,12100,Inundação,Reconhecido,0,5,206,2800,0,3053,10000,730,0,14173621.89,26084614.37
SC-F-4201257-12200-20151022,2015-10-26,2015-10-26,2015,Apiúna,4201257,acu,12200,Enxurrada,Registro,0,0,0,115,0,115,2900,24,0,497407.33,1157428.6
SC-F-4208203-12100-20151022,2015-10-26,2015-10-26,2015,Itajaí,4208203,ambos,12100,Inundação,Registro,0,0,0,0,0,0,0,250,0,5045814.75,10412216.18
SC-F-4209904-13214-20151022,2015-10-27,2015-10-27,2015,Lontras,4209904,acu,13214,Chuvas intensas,Reconhecido,1,0,186,1200,0,1387,346,114,0,2714696.16,18340047.27
SC-F-4219200-13214-20151021,2015-10-27,2015-10-27,2015,Vidal Ramos,4219200,mirim,13214,Chuvas intensas,Reconhecido,0,0,0,0,0,0,2000,2,0,480669.57,33655857.96
SC-F-4208500-13214-20151021,2015-10-28,2015-10-28,2015,Ituporanga,4208500,acu,13214,Chuvas intensas,Reconhecido,0,2,79,250,0,331,619,3,0,4478435.6,180686941.64
SC-F-4207106-13214-20151105,2015-11-06,2015-11-06,2015,Ilhota,4207106,acu,13214,Chuvas intensas,Registro,0,0,0,0,0,0,5000,0,0,11147726.66,11736963.04
SC-F-4202701-12200-20151224,2016-01-12,2016-01-12,2016,Botuverá,4202701,mirim,12200,Enxurrada,Registro,0,0,0,0,0,0,800,15,0,4283.77,160641.26
SC-F-4202701-12200-20160303,2016-03-03,2016-03-04,2016,Botuverá,4202701,mirim,12200,Enxurrada,Registro,0,0,0,0,0,0,50,0,0,0.0,8567.53
SC-F-4201703-12200-20160410,2016-04-10,2016-04-11,2016,Ascurra,4201703,acu,12200,Enxurrada,Registro,0,0,0,11,0,11,37,2,0,8924.51,5354.71
SC-F-4208203-12200-20160413,2016-04-13,2016-04-14,2016,Itajaí,4208203,ambos,12200,Enxurrada,Registro,0,0,0,15,0,15,6500,0,0,80320.63,0.0
SC-F-4201257-12200-20160820,2016-08-20,2016-08-23,2016,Apiúna,4201257,acu,12200,Enxurrada,Registro,0,0,0,4,0,4,0,1,0,89245.14,0.0
SC-F-4201257-12200-20161231,2016-12-31,2017-01-02,2016,Apiúna,4201257,acu,12200,Enxurrada,Registro,0,0,13,25,0,38,0,4,2,428376.68,535470.85
SC-F-4202701-12200-20170105,2017-01-05,2017-01-09,2017,Botuverá,4202701,mirim,12200,Enxurrada,Registro,0,0,4,0,0,4,800,0,0,10754.43,41225.31
SC-F-4202909-12200-20170105,2017-01-05,2017-01-06,2017,Brusque,4202909,mirim,12200,Enxurrada,Reconhecido,0,0,20,1800,0,1820,50000,441,9,7552949.42,6227717.12
SC-F-4208500-13214-20170109,2017-01-09,2017-01-13,2017,Ituporanga,4208500,acu,13214,Chuvas intensas,Registro,0,0,0,0,0,0,0,0,0,0.0,0.0
SC-F-4202206-12200-20170126,2017-01-26,2017-01-31,2017,Benedito Novo,4202206,acu,12200,Enxurrada,Registro,0,0,0,0,0,0,0,2,0,268860.7,0.0
SC-F-4213203-12200-20170126,2017-01-26,2017-01-30,2017,Pomerode,4213203,acu,12200,Enxurrada,Registro,0,0,0,4,0,4,0,0,0,603323.4,0.0
SC-F-4205902-13214-20170131,2017-01-31,2017-02-06,2017,Gaspar,4205902,acu,13214,Chuvas intensas,Registro,0,0,0,0,0,0,562,0,0,222258.18,0.0
SC-F-4207106-12200-20170131,2017-01-31,2017-02-07,2017,Ilhota,4207106,acu,12200,Enxurrada,Registro,0,0,0,6,0,6,0,0,0,322632.84,0.0
SC-F-4202909-12200-20170303,2017-03-03,2017-03-04,2017,Brusque,4202909,mirim,12200,Enxurrada,Registro,0,0,0,0,0,0,0,0,0,0.0,0.0
SC-F-4201703-12200-20170527,2017-05-27,2017-05-28,2017,Ascurra,4201703,acu,12200,Enxurrada,Registro,0,0,0,0,0,0,0,4,0,16131.64,8962.02
SC-F-4201703-12100-20170531,2017-05-31,2017-06-01,2017,Ascurra,4201703,acu,12100,Inundação,Registro,0,0,0,0,0,0,0,0,0,0.0,0.0
SC-F-4202909-13214-20170531,2017-05-31,2017-06-01,2017,Brusque,4202909,mirim,13214,Chuvas intensas,Reconhecido,0,0,0,240,0,240,60000,2,0,2469576.92,2774896.92
SC-F-4214805-12100-20170601,2017-06-01,2017-06-09,2017,Rio do Sul,4214805,acu,12100,Inundação,Reconhecido,0,11,1090,14632,0,15782,2287,6161,0,16402126.44,132778644.85
SC-F-4201257-12200-20170604,2017-06-04,2017-06-08,2017,Apiúna,4201257,acu,12200,Enxurrada,Registro,0,0,0,58,0,58,0,0,0,197164.51,250936.65
SC-F-4202701-12200-20170604,2017-06-04,2017-06-06,2017,Botuverá,4202701,mirim,12200,Enxurrada,Registro,0,0,0,1,0,1,2000,0,0,0.0,134430.35
SC-F-4208500-13214-20170604,2017-06-04,2017-06-09,2017,Ituporanga,4208500,acu,13214,Chuvas intensas,Reconhecido,0,0,96,105,0,201,8307,0,7,5489285.83,15041273.68
SC-F-4217808-13214-20170604,2017-06-04,2017-06-10,2017,Taió,4217808,acu,13214,Chuvas intensas,Registro,0,0,40,500,0,540,5000,0,0,352393.92,620179.18
SC-F-4219200-13214-20170604,2017-06-04,2017-06-06,2017,Vidal Ramos,4219200,mirim,13214,Chuvas intensas,Reconhecido,0,0,0,7,0,7,100,1,0,734885.91,5330254.73
SC-F-4208203-12100-20170605,2017-06-05,2017-06-12,2017,Itajaí,4208203,ambos,12100,Inundação,Registro,0,0,59,50,0,109,810,295,0,291265.76,9866260.91
SC-F-4209904-13214-20170605,2017-06-05,2017-06-07,2017,Lontras,4209904,acu,13214,Chuvas intensas,Reconhecido,0,0,329,752,0,1081,2212,160,0,163340.04,10350228.09
SC-F-4207502-12300-20170606,2017-06-06,2017-06-12,2017,Indaial,4207502,acu,12300,Alagamento,Registro,0,0,0,0,0,0,0,0,0,0.0,0.0
SC-F-4202909-12200-20171006,2017-10-06,2017-10-09,2017,Brusque,4202909,mirim,12200,Enxurrada,Registro,0,0,0,0,0,0,0,0,0,0.0,0.0
SC-F-4201257-12200-20171117,2017-11-17,2017-11-20,2017,Apiúna,4201257,acu,12200,Enxurrada,Registro,0,0,0,0,0,0,0,0,0,143392.37,143392.37
SC-F-4202909-13214-20180111,2018-01-11,2018-01-12,2018,Brusque,4202909,mirim,13214,Chuvas intensas,Registro,0,0,16,9,0,25,8109,9,0,150.62,0.0
SC-F-4211306-12200-20180111,2018-01-11,2018-01-11,2018,Navegantes,4211306,acu,12200,Enxurrada,Registro,0,0,0,12,0,12,769,143,0,6595286.95,8041602.35
SC-F-4202404-13214-20180116,2018-01-16,2018-01-19,2018,Blumenau,4202404,acu,13214,Chuvas intensas,Reconhecido,0,0,0,1700,0,1700,150000,170,12,22508075.09,23144263.07
SC-F-4202701-12200-20180116,2018-01-16,2018-01-17,2018,Botuverá,4202701,mirim,12200,Enxurrada,Registro,0,0,4,0,0,4,1200,0,0,0.0,66943.62
SC-F-4202909-12200-20180116,2018-01-16,2018-01-24,2018,Brusque,4202909,mirim,12200,Enxurrada,Registro,0,0,0,0,0,0,0,0,0,0.0,0.0
SC-F-4205902-13214-20180116,2018-01-16,2018-01-21,2018,Gaspar,4205902,acu,13214,Chuvas intensas,Reconhecido,0,0,13,200,0,213,23000,278,3,5872026.57,1099548.96
SC-F-4202404-12200-20180123,2018-01-23,2018-01-24,2018,Blumenau,4202404,acu,12200,Enxurrada,Registro,0,0,0,30,0,30,42424,50,0,2091988.13,8334480.69
SC-F-4205902-13214-20180124,2018-01-24,2018-01-30,2018,Gaspar,4205902,acu,13214,Chuvas intensas,Registro,0,0,0,0,0,0,32,0,0,0.0,0.0
SC-F-4214805-13214-20180226,2018-02-26,2018-03-02,2018,Rio do Sul,4214805,acu,13214,Chuvas intensas,Reconhecido,0,0,0,12,0,12,741,67,1,2873996.92,4277240.28
SC-F-4217808-13214-20180324,2018-03-24,2018-03-27,2018,Taió,4217808,acu,13214,Chuvas intensas,Registro,0,0,0,0,0,0,2000,0,0,836795.25,836795.25
SC-F-4202701-12200-20180325,2018-03-25,2018-03-28,2018,Botuverá,4202701,mirim,12200,Enxurrada,Registro,0,0,0,0,0,0,900,0,0,0.0,11715.13
SC-F-4202404-13214-20180331,2018-03-31,2018-04-03,2018,Blumenau,4202404,acu,13214,Chuvas intensas,Reconhecido,2,0,0,621,0,623,146559,152,10,8336053.87,3332018.27
SC-F-4202404-12200-20180331,2018-03-31,2018-04-01,2018,Blumenau,4202404,acu,12200,Enxurrada,Registro,2,0,0,0,0,2,0,0,0,0.0,0.0
SC-F-4213203-13214-20180331,2018-03-31,2018-04-04,2018,Pomerode,4213203,acu,13214,Chuvas intensas,Reconhecido,0,0,0,6,0,6,4,1,0,216478.93,326935.9
SC-F-4218202-13214-20180331,2018-03-31,2018-04-09,2018,Timbó,4218202,acu,13214,Chuvas intensas,Registro,0,0,0,8,0,8,15000,5,0,83679.53,15062.31
SC-F-4217808-13214-20180413,2018-04-13,2018-04-16,2018,Taió,4217808,acu,13214,Chuvas intensas,Registro,0,0,0,0,0,0,0,0,0,5020.77,0.0
SC-F-4214805-12100-20180904,2018-09-04,2018-09-10,2018,Rio do Sul,4214805,acu,12100,Inundação,Registro,0,0,19,0,0,19,0,0,0,0.0,0.0
SC-F-4202206-12200-20181215,2018-12-15,2018-12-17,2018,Benedito Novo,4202206,acu,12200,Enxurrada,Registro,0,0,0,0,0,0,207,0,0,175727.0,0.0
SC-F-4211306-12300-20190113,2019-01-13,2019-01-14,2019,Navegantes,4211306,acu,12300,Alagamento,Registro,0,0,0,16,0,16,2800,18,0,2315453.98,5182576.53
SC-F-4202404-13214-20190117,2019-01-17,2019-01-21,2019,Blumenau,4202404,acu,13214,Chuvas intensas,Reconhecido,0,0,0,100,0,100,35000,98,0,8464992.06,4657701.96
SC-F-4202701-12200-20190117,2019-01-17,2019-01-18,2019,Botuverá,4202701,mirim,12200,Enxurrada,Registro,0,0,0,0,0,0,2000,0,0,0.0,77699.8
SC-F-4211306-13214-20190218,2019-02-18,2019-02-22,2019,Navegantes,4211306,acu,13214,Chuvas intensas,Registro,0,2,1,1469,0,1473,48,486,1,10079231.79,9129726.27
SC-F-4202909-13214-20190530,2019-05-30,2019-06-03,2019,Brusque,4202909,mirim,13214,Chuvas intensas,Registro,0,1,2,15,0,18,3000,10,0,0.0,0.0
SC-F-4214805-12100-20190531,2019-05-31,2019-06-05,2019,Rio do Sul,4214805,acu,12100,Inundação,Registro,0,0,158,0,0,158,0,48,0,78321.4,18647.95
SC-F-4202909-13214-20200110,2020-01-13,2020-01-13,2020,Brusque,4202909,mirim,13214,Chuvas intensas,Reconhecido,0,1,8,124,0,133,1960,90,1,715320.31,1240870.79
SC-F-4215109-12200-20200202,2020-02-03,2020-02-03,2020,Rodeio,4215109,acu,12200,Enxurrada,Registro,0,0,0,0,0,0,0,0,0,0.0,69440.64
SC-F-4211306-12200-20200206,2020-02-07,2020-02-07,2020,Navegantes,4211306,acu,12200,Enxurrada,Registro,0,0,0,0,0,0,0,0,0,0.0,0.0
SC-F-4215109-13214-20200207,2020-02-08,2020-02-08,2020,Rodeio,4215109,acu,13214,Chuvas intensas,Registro,0,0,0,0,0,0,0,0,0,0.0,0.0
SC-F-4205902-13214-20200207,2020-02-10,2020-02-10,2020,Gaspar,4205902,acu,13214,Chuvas intensas,Registro,0,0,0,40,0,40,1881,14,0,681780.78,0.0
SC-F-4201703-12100-20200209,2020-02-11,2020-02-11,2020,Ascurra,4201703,acu,12100,Inundação,Registro,0,0,0,0,0,0,0,3,0,0.0,1578.2
SC-F-4207106-13214-20200206,2020-02-14,2020-02-14,2020,Ilhota,4207106,acu,13214,Chuvas intensas,Reconhecido,0,0,0,10,0,10,480,120,0,486102.25,575032.09
SC-F-4202909-13214-20200206,2020-02-27,2020-02-27,2020,Brusque,4202909,mirim,13214,Chuvas intensas,Registro,0,0,4,88,0,92,2000,30,0,0.0,0.0
SC-F-4202909-13214-20200209,2020-03-18,2020-03-18,2020,Brusque,4202909,mirim,13214,Chuvas intensas,Registro,0,0,0,0,0,0,0,0,0,0.0,0.0
SC-F-4215109-13214-20200610,2020-06-22,2020-06-22,2020,Rodeio,4215109,acu,13214,Chuvas intensas,Registro,0,0,0,0,0,0,0,0,0,0.0,5050.23
SC-F-4201703-13214-20201126,2020-11-28,2020-11-28,2020,Ascurra,4201703,acu,13214,Chuvas intensas,Registro,0,0,0,4,0,4,225,8,0,0.0,0.0
SC-F-4215109-13214-20201127,2020-11-28,2020-11-28,2020,Rodeio,4215109,acu,13214,Chuvas intensas,Registro,0,0,0,0,0,0,0,0,0,0.0,0.0
SC-F-4202909-13214-20201215,2020-12-15,2020-12-15,2020,Brusque,4202909,mirim,13214,Chuvas intensas,Reconhecido,0,0,0,18,0,18,228,82,0,1631411.62,176672.58
SC-F-4201703-13214-20201215,2020-12-16,2020-12-16,2020,Ascurra,4201703,acu,13214,Chuvas intensas,Registro,0,0,0,0,0,0,120,0,0,0.0,44189.5
SC-F-4201257-12200-20201216,2020-12-17,2020-12-17,2020,Apiúna,4201257,acu,12200,Enxurrada,Registro,0,0,0,64,0,64,3000,35,0,612340.15,176757.98
SC-F-4214805-12200-20201216,2020-12-17,2020-12-17,2020,Rio do Sul,4214805,acu,12200,Enxurrada,Reconhecido,2,1,52,76,0,131,0,33,2,15312291.34,38266409.2
SC-F-4201703-12200-20201217,2020-12-19,2020-12-19,2020,Ascurra,4201703,acu,12200,Enxurrada,Registro,0,0,0,15,0,15,7412,1,0,227260.26,183070.77
SC-F-4219200-13214-20201216,2020-12-19,2020-12-19,2020,Vidal Ramos,4219200,mirim,13214,Chuvas intensas,Reconhecido,0,0,0,20,0,20,500,20,0,378767.1,1079486.24
SC-F-4209904-12200-20201216,2020-12-20,2020-12-20,2020,Lontras,4209904,acu,12200,Enxurrada,Reconhecido,0,0,0,6,0,6,80,27,0,39770.55,189383.55
SC-F-4215109-13214-20210120,2021-01-21,2021-01-21,2021,Rodeio,4215109,acu,13214,Chuvas intensas,Reconhecido,0,0,5,29,0,34,128,0,3,502287.8,148520.2
SC-F-4202206-12200-20210121,2021-01-22,2021-01-22,2021,Benedito Novo,4202206,acu,12200,Enxurrada,Registro,0,0,0,0,0,0,0,0,0,0.0,0.0
SC-F-4202909-13214-20210120,2021-01-22,2021-01-22,2021,Brusque,4202909,mirim,13214,Chuvas intensas,Registro,0,0,0,3,0,3,0,0,2,0.0,0.0
SC-F-4201703-12200-20210124,2021-01-25,2021-01-25,2021,Ascurra,4201703,acu,12200,Enxurrada,Registro,0,0,0,0,0,0,7978,0,0,26808.7,0.0
SC-F-4201703-13214-20210124,2021-01-25,2021-01-25,2021,Ascurra,4201703,acu,13214,Chuvas intensas,Reconhecido,0,0,0,122,0,122,7561,0,120,536174.0,123320.02
SC-F-4205902-13214-20210120,2021-01-25,2021-01-25,2021,Gaspar,4205902,acu,13214,Chuvas intensas,Registro,0,0,0,0,0,0,0,0,0,386045.28,0.0
SC-F-4206306-13214-20210124,2021-01-25,2021-01-25,2021,Guabiruba,4206306,mirim,13214,Chuvas intensas,Reconhecido,0,0,51,58,0,109,1922,2,131,1207463.85,491394.89
SC-F-4218202-13214-20210121,2021-01-28,2021-01-28,2021,Timbó,4218202,acu,13214,Chuvas intensas,Registro,0,0,16,200,0,216,44022,0,0,0.0,39773.39
SC-F-4202404-13214-20210127,2021-01-29,2021-01-29,2021,Blumenau,4202404,acu,13214,Chuvas intensas,Reconhecido,0,0,0,50,0,50,17000,0,70,5048395.25,173067.31
SC-F-4208500-13214-20210124,2021-02-12,2021-02-12,2021,Ituporanga,4208500,acu,13214,Chuvas intensas,Registro,0,0,0,0,0,0,0,0,0,21446.96,0.0
SC-F-4202909-13214-20210305,2021-03-08,2021-03-08,2021,Brusque,4202909,mirim,13214,Chuvas intensas,Reconhecido,0,0,0,4,0,4,16191,0,70,5632036.43,239714.38
SC-F-4202909-13214-20210609,2021-06-09,2021-06-09,2021,Brusque,4202909,mirim,13214,Chuvas intensas,Reconhecido,0,0,0,184,0,184,3926,0,104,3476157.86,227899.25
SC-F-4208203-13214-20210609,2021-06-11,2021-06-11,2021,Itajaí,4208203,ambos,13214,Chuvas intensas,Registro,0,0,0,0,0,0,7500,0,89,2859011.59,101069.91
SC-F-4214805-12200-20210917,2021-09-22,2021-09-22,2021,Rio do Sul,4214805,acu,12200,Enxurrada,Registro,0,0,0,0,0,0,0,0,0,332427.88,0.0
SC-F-4206306-13214-20211012,2021-10-12,2021-10-12,2021,Guabiruba,4206306,mirim,13214,Chuvas intensas,Registro,0,0,0,30,0,30,0,0,14,0.0,0.0
SC-F-4202701-13214-20211012,2021-10-13,2021-10-13,2021,Botuverá,4202701,mirim,13214,Chuvas intensas,Reconhecido,0,0,5,0,0,5,2000,0,7,262495.78,21531.14
SC-F-4217808-12300-20211018,2021-12-02,2021-12-02,2021,Taió,4217808,acu,12300,Alagamento,Registro,0,0,0,0,0,0,0,0,0,0.0,0.0
SC-F-4215109-13214-20211227,2021-12-28,2021-12-28,2021,Rodeio,4215109,acu,13214,Chuvas intensas,Registro,0,0,0,0,0,0,0,0,0,91149.58,0.0
SC-F-4202909-13214-20220105,2022-01-05,2022-01-05,2022,Brusque,4202909,mirim,13214,Chuvas intensas,Registro,0,0,0,0,0,0,0,0,0,0.0,0.0
SC-F-4202206-13214-20220116,2022-01-16,2022-01-20,2022,Benedito Novo,4202206,acu,13214,Chuvas intensas,Registro,0,0,0,0,0,0,90,0,0,0.0,0.0
SC-F-4217808-13214-20220127,2022-01-27,2022-01-28,2022,Taió,4217808,acu,13214,Chuvas intensas,Registro,0,0,0,0,0,0,50,0,0,0.0,510502.74
SC-F-4202909-13214-20220221,2022-02-21,2022-02-21,2022,Brusque,4202909,mirim,13214,Chuvas intensas,Registro,0,0,0,0,0,0,4000,5,0,0.0,0.0
SC-F-4201703-13214-20220222,2022-02-22,2022-02-23,2022,Ascurra,4201703,acu,13214,Chuvas intensas,Registro,0,0,0,0,0,0,0,0,0,0.0,0.0
SC-F-4205902-13214-20220222,2022-02-22,2022-02-23,2022,Gaspar,4205902,acu,13214,Chuvas intensas,Registro,0,0,11,0,0,11,203,58,0,470567.51,0.0
SC-F-4217808-12300-20220301,2022-03-01,2022-03-04,2022,Taió,4217808,acu,12300,Alagamento,Registro,0,0,0,0,0,0,0,0,0,51050.27,0.0
SC-F-4205902-13214-20220306,2022-03-06,2022-03-07,2022,Gaspar,4205902,acu,13214,Chuvas intensas,Registro,0,0,17,13,0,30,221,71,0,584477.46,645785.97
SC-F-4202206-13214-20220307,2022-03-07,2022-03-07,2022,Benedito Novo,4202206,acu,13214,Chuvas intensas,Registro,0,0,0,0,0,0,352,0,0,0.0,0.0
SC-F-4207502-12200-20220307,2022-03-07,2022-03-16,2022,Indaial,4207502,acu,12200,Enxurrada,Registro,0,0,0,1,0,1,0,3,0,0.0,0.0
SC-F-4214805-12300-20220308,2022-03-08,2022-03-10,2022,Rio do Sul,4214805,acu,12300,Alagamento,Registro,0,0,20,0,0,20,0,4,0,0.0,0.0
SC-F-4202909-13214-20220311,2022-03-11,2022-03-11,2022,Brusque,4202909,mirim,13214,Chuvas intensas,Registro,0,0,0,6,0,6,3500,4,0,216453.16,0.0
SC-F-4208500-12100-20220502,2022-05-02,2022-05-06,2022,Ituporanga,4208500,acu,12100,Inundação,Registro,0,0,0,4,0,4,0,0,0,0.0,0.0
SC-F-4201703-13214-20220503,2022-05-03,2022-05-05,2022,Ascurra,4201703,acu,13214,Chuvas intensas,Registro,0,0,0,3,0,3,0,2,0,234831.26,15315.08
SC-F-4202909-13214-20220503,2022-05-03,2022-05-03,2022,Brusque,4202909,mirim,13214,Chuvas intensas,Registro,0,0,0,0,0,0,29,8,0,0.0,0.0
SC-F-4205902-13214-20220503,2022-05-03,2022-05-06,2022,Gaspar,4205902,acu,13214,Chuvas intensas,Registro,0,0,0,185,0,185,0,0,0,0.0,0.0
SC-F-4209904-12100-20220503,2022-05-03,2022-05-09,2022,Lontras,4209904,acu,12100,Inundação,Registro,0,0,0,0,0,0,0,0,0,0.0,0.0
SC-F-4213203-13214-20220503,2022-05-03,2022-05-11,2022,Pomerode,4213203,acu,13214,Chuvas intensas,Registro,0,0,0,0,0,0,0,1,0,102100.55,30630.16
SC-F-4214805-12100-20220503,2022-05-03,2022-05-04,2022,Rio do Sul,4214805,acu,12100,Inundação,Reconhecido,0,0,447,2300,0,2747,4637,2392,0,8674878.1,61672318.77
SC-F-4217808-12100-20220503,2022-05-03,2022-05-05,2022,Taió,4217808,acu,12100,Inundação,Reconhecido,0,0,67,169,0,236,0,60,0,4340804.84,340301.13
SC-F-4201257-12300-20220504,2022-05-04,2022-05-06,2022,Apiúna,4201257,acu,12300,Alagamento,Registro,0,0,0,26,0,26,295,9,0,224621.21,0.0
SC-F-4202206-12100-20220504,2022-05-04,2022-05-05,2022,Benedito Novo,4202206,acu,12100,Inundação,Registro,0,0,0,0,0,0,0,0,0,0.0,0.0
SC-F-4202701-13214-20220504,2022-05-04,2022-05-05,2022,Botuverá,4202701,mirim,13214,Chuvas intensas,Registro,0,0,0,0,0,0,180,0,0,0.0,0.0
SC-F-4207502-12100-20220504,2022-05-04,2022-05-11,2022,Indaial,4207502,acu,12100,Inundação,Registro,0,0,0,3,0,3,0,2,0,0.0,0.0
SC-F-4207502-13214-20220504,2022-05-04,2022-05-11,2022,Indaial,4207502,acu,13214,Chuvas intensas,Registro,0,0,0,3,0,3,0,2,0,0.0,0.0
SC-F-4208203-13214-20220504,2022-05-04,2022-05-05,2022,Itajaí,4208203,ambos,13214,Chuvas intensas,Registro,0,0,0,0,0,0,856,0,0,0.0,0.0
SC-F-4215109-13214-20220504,2022-05-04,2022-05-04,2022,Rodeio,4215109,acu,13214,Chuvas intensas,Registro,0,0,0,0,0,0,0,0,0,86785.47,25525.14
SC-F-4202909-13214-20220602,2022-06-02,2022-06-06,2022,Brusque,4202909,mirim,13214,Chuvas intensas,Registro,0,0,0,0,0,0,5600,4,0,0.0,0.0
SC-F-4201703-13214-20220608,2022-06-08,2022-06-10,2022,Ascurra,4201703,acu,13214,Chuvas intensas,Registro,0,0,0,0,0,0,918,0,0,153150.82,117415.63
SC-F-4208500-13214-20220622,2022-06-22,2022-06-23,2022,Ituporanga,4208500,acu,13214,Chuvas intensas,Registro,0,0,0,0,0,0,0,0,0,0.0,0.0
SC-F-4214805-13214-20220622,2022-06-22,2022-06-24,2022,Rio do Sul,4214805,acu,13214,Chuvas intensas,Registro,0,0,84,0,0,84,0,0,0,0.0,0.0
SC-F-4213203-13214-20220808,2022-08-08,2022-08-18,2022,Pomerode,4213203,acu,13214,Chuvas intensas,Registro,0,0,0,0,0,0,0,0,0,112310.6,25525.14
SC-F-4208203-13214-20220809,2022-08-09,2022-08-10,2022,Itajaí,4208203,ambos,13214,Chuvas intensas,Registro,0,0,0,0,0,0,146700,0,0,541132.91,306301.65
SC-F-4202206-13214-20220810,2022-08-10,2022-08-11,2022,Benedito Novo,4202206,acu,13214,Chuvas intensas,Registro,0,0,0,0,0,0,0,0,0,0.0,0.0
SC-F-4202909-13214-20220810,2022-08-10,2022-08-11,2022,Brusque,4202909,mirim,13214,Chuvas intensas,Registro,0,0,0,0,0,0,0,0,0,0.0,0.0
SC-F-4205902-13214-20220810,2022-08-10,2022-08-10,2022,Gaspar,4205902,acu,13214,Chuvas intensas,Registro,0,0,0,0,0,0,0,1,0,81680.44,0.0
SC-F-4215109-13214-20220810,2022-08-10,2022-08-10,2022,Rodeio,4215109,acu,13214,Chuvas intensas,Registro,0,0,0,0,0,0,0,0,0,0.0,0.0
SC-F-4201257-13214-20220831,2022-08-31,2022-08-31,2022,Apiúna,4201257,acu,13214,Chuvas intensas,Registro,0,12,19,22,0,53,32,5,0,39308.71,78106.92
SC-F-4214805-12100-20221010,2022-10-10,2022-10-12,2022,Rio do Sul,4214805,acu,12100,Inundação,Registro,0,0,84,0,0,84,0,0,0,0.0,0.0
SC-F-4202909-13214-20221016,2022-10-16,2022-10-16,2022,Brusque,4202909,mirim,13214,Chuvas intensas,Registro,0,0,0,0,0,0,10000,16,0,0.0,0.0
SC-F-4205902-13214-20221016,2022-10-16,2022-10-17,2022,Gaspar,4205902,acu,13214,Chuvas intensas,Registro,0,0,0,0,0,0,0,0,0,0.0,0.0
SC-F-4202404-13214-20221126,2022-11-26,2022-12-01,2022,Blumenau,4202404,acu,13214,Chuvas intensas,Reconhecido,0,0,5,11,0,16,54569,6,0,1653763.43,1500612.61
SC-F-4205902-13214-20221126,2022-11-26,2022-11-28,2022,Gaspar,4205902,acu,13214,Chuvas intensas,Registro,0,1,0,18,0,19,18205,1,0,6423643.58,174591.94
SC-F-4208203-13214-20221126,2022-11-26,2022-11-28,2022,Itajaí,4208203,ambos,13214,Chuvas intensas,Registro,0,0,0,0,0,0,4580,50,0,112310.6,459.45
SC-F-4202206-13214-20221127,2022-11-27,2022-12-04,2022,Benedito Novo,4202206,acu,13214,Chuvas intensas,Reconhecido,0,0,12,166,0,178,4500,243,7,8563683.54,17799188.69
SC-F-4205902-13214-20221127,2022-11-27,2022-12-05,2022,Gaspar,4205902,acu,13214,Chuvas intensas,Reconhecido,0,0,0,0,0,0,0,0,0,0.0,0.0
SC-F-4213203-13214-20221127,2022-11-27,2022-12-06,2022,Pomerode,4213203,acu,13214,Chuvas intensas,Registro,0,0,0,10,0,10,0,0,0,1531508.23,0.0
SC-F-4215109-12100-20221127,2022-11-27,2022-11-27,2022,Rodeio,4215109,acu,12100,Inundação,Reconhecido,0,0,0,250,0,250,1000,0,0,285881.54,178675.96
SC-F-4218202-13214-20221127,2022-11-27,2022-11-28,2022,Timbó,4218202,acu,13214,Chuvas intensas,Registro,0,0,12,50,0,62,5000,0,0,0.0,6126.03
SC-F-4202909-13214-20221128,2022-11-28,2022-12-01,2022,Brusque,4202909,mirim,13214,Chuvas intensas,Reconhecido,2,6,30,226,0,264,11475,342,3,5107890.34,14003313.06
SC-F-4202701-13214-20221130,2022-11-30,2022-12-02,2022,Botuverá,4202701,mirim,13214,Chuvas intensas,Reconhecido,0,0,2,0,0,2,320,10,1,4768095.63,139081.37
SC-F-4207502-13214-20221130,2022-11-30,2022-12-08,2022,Indaial,4207502,acu,13214,Chuvas intensas,Registro,0,0,0,6,0,6,0,0,0,0.0,0.0
SC-F-4201703-13214-20221201,2022-12-01,2022-12-05,2022,Ascurra,4201703,acu,13214,Chuvas intensas,Registro,0,0,0,0,0,0,7935,0,0,0.0,66365.36
SC-F-4215109-13214-20221204,2022-12-04,2022-12-05,2022,Rodeio,4215109,acu,13214,Chuvas intensas,Registro,0,0,0,0,0,0,0,0,0,35735.19,38798.21
SC-F-4205902-13214-20221220,2022-12-20,2022-12-20,2022,Gaspar,4205902,acu,13214,Chuvas intensas,Reconhecido,0,0,15,1799,0,1814,13201,529,0,7680517.16,14334.92
SC-F-4207106-13214-20221220,2022-12-20,2022-12-22,2022,Ilhota,4207106,acu,13214,Chuvas intensas,Registro,0,0,0,12,0,12,0,2,0,500918.0,0.0
SC-F-4208203-13214-20221220,2022-12-20,2022-12-26,2022,Itajaí,4208203,ambos,13214,Chuvas intensas,Reconhecido,0,0,152,1458,0,1610,25452,409,0,5163391.26,5287265.39
SC-F-4211306-13214-20221220,2022-12-20,2022-12-20,2022,Navegantes,4211306,acu,13214,Chuvas intensas,Reconhecido,0,0,0,400,0,400,2628,129,0,2160179.09,4796180.39
SC-F-4202206-13214-20230103,2023-01-03,2023-01-09,2023,Benedito Novo,4202206,acu,13214,Chuvas intensas,Reconhecido,0,0,0,27,0,27,46,0,0,1039812.48,49411.81
SC-F-4202909-13214-20230103,2023-01-03,2023-01-03,2023,Brusque,4202909,mirim,13214,Chuvas intensas,Registro,0,0,0,0,0,0,88,0,0,0.0,0.0
SC-F-4208500-12200-20230112,2023-01-12,2023-01-13,2023,Ituporanga,4208500,acu,12200,Enxurrada,Reconhecido,0,0,0,26,0,26,200,0,0,1499247.32,1387783.03
SC-F-4201703-13214-20230117,2023-01-17,2023-01-18,2023,Ascurra,4201703,acu,13214,Chuvas intensas,Reconhecido,0,0,0,1428,0,1428,6550,0,1,7923838.82,822474.41
SC-F-4207502-13214-20230117,2023-01-17,2023-01-20,2023,Indaial,4207502,acu,13214,Chuvas intensas,Registro,0,0,0,9,0,9,0,0,0,0.0,0.0
SC-F-4215109-13214-20230117,2023-01-17,2023-01-18,2023,Rodeio,4215109,acu,13214,Chuvas intensas,Reconhecido,5,130,15,2804,0,2954,5904,0,0,7787438.99,31760418.79
SC-F-4217808-12200-20230117,2023-01-17,2023-01-20,2023,Taió,4217808,acu,12200,Enxurrada,Registro,0,0,0,0,0,0,0,0,0,0.0,0.0
SC-F-4218202-13214-20230117,2023-01-17,2023-01-17,2023,Timbó,4218202,acu,13214,Chuvas intensas,Registro,0,0,0,0,0,0,0,0,0,0.0,0.0
SC-F-4202909-13214-20230129,2023-01-29,2023-01-29,2023,Brusque,4202909,mirim,13214,Chuvas intensas,Registro,0,0,0,0,0,0,10044,0,0,0.0,0.0
SC-F-4214805-12300-20230202,2023-02-02,2023-02-07,2023,Rio do Sul,4214805,acu,12300,Alagamento,Registro,0,0,0,0,0,0,0,0,0,0.0,0.0
SC-F-4202909-13214-20230209,2023-02-09,2023-02-09,2023,Brusque,4202909,mirim,13214,Chuvas intensas,Registro,0,0,0,0,0,0,606,0,0,0.0,0.0
SC-F-4214805-12300-20230210,2023-02-10,2023-02-16,2023,Rio do Sul,4214805,acu,12300,Alagamento,Registro,0,0,0,0,0,0,0,0,0,0.0,0.0
SC-F-4207502-13214-20230303,2023-03-03,2023-03-07,2023,Indaial,4207502,acu,13214,Chuvas intensas,Registro,0,0,0,0,0,0,0,0,0,0.0,0.0
SC-F-4214805-12300-20230308,2023-03-08,2023-03-15,2023,Rio do Sul,4214805,acu,12300,Alagamento,Registro,0,0,0,0,0,0,0,0,0,0.0,0.0
SC-F-4208203-12300-20230313,2023-03-13,2023-09-01,2023,Itajaí,4208203,ambos,12300,Alagamento,Registro,0,0,130,75,0,205,0,0,0,0.0,0.0
SC-F-4201703-13214-20230329,2023-03-29,2023-03-30,2023,Ascurra,4201703,acu,13214,Chuvas intensas,Registro,0,0,0,0,0,0,7978,0,0,0.0,2111.62
SC-F-4201703-13214-20230417,2023-04-17,2023-04-18,2023,Ascurra,4201703,acu,13214,Chuvas intensas,Registro,0,0,0,0,0,0,0,0,0,0.0,0.0
SC-F-4201703-13214-20230711,2023-07-11,2023-07-12,2023,Ascurra,4201703,acu,13214,Chuvas intensas,Registro,0,0,0,9,0,9,7410,0,0,0.0,0.0
SC-F-4214805-12100-20230713,2023-07-13,2023-07-13,2023,Rio do Sul,4214805,acu,12100,Inundação,Registro,0,0,9,0,0,9,0,0,0,0.0,0.0
SC-F-4207502-13214-20230927,2023-09-27,2023-09-29,2023,Indaial,4207502,acu,13214,Chuvas intensas,Registro,0,0,0,0,0,0,0,0,0,0.0,0.0
SC-F-4205902-13214-20231003,2023-10-03,2023-10-06,2023,Gaspar,4205902,acu,13214,Chuvas intensas,Reconhecido,0,0,74,126,0,200,72370,0,0,1712042.49,1193612.03
SC-F-4201703-13214-20231004,2023-10-04,2023-10-04,2023,Ascurra,4201703,acu,13214,Chuvas intensas,Reconhecido,0,0,54,630,0,684,6735,0,0,781297.9,438160.31
SC-F-4202206-13214-20231004,2023-10-04,2023-10-04,2023,Benedito Novo,4202206,acu,13214,Chuvas intensas,Registro,0,0,0,3,0,3,235,0,0,193652.29,120362.11
SC-F-4202404-13214-20231004,2023-10-04,2023-10-07,2023,Blumenau,4202404,acu,13214,Chuvas intensas,Reconhecido,0,0,239,14929,0,15168,150000,0,0,3277275.05,2707138.75
SC-F-4202701-13214-20231004,2023-10-04,2023-10-04,2023,Botuverá,4202701,mirim,13214,Chuvas intensas,Reconhecido,0,0,5,16,0,21,1000,0,0,2122174.02,524436.71
SC-F-4202909-13214-20231004,2023-10-04,2023-10-07,2023,Brusque,4202909,mirim,13214,Chuvas intensas,Reconhecido,0,0,4,11,0,15,33969,0,0,1700601.68,67846.81
SC-F-4207502-13214-20231004,2023-10-04,2023-10-06,2023,Indaial,4207502,acu,13214,Chuvas intensas,Registro,0,0,61,143,0,204,0,0,0,0.0,0.0
SC-F-4208203-13214-20231004,2023-10-04,2023-10-10,2023,Itajaí,4208203,ambos,13214,Chuvas intensas,Reconhecido,0,0,565,35,0,600,54243,0,0,149734686.44,0.0
SC-F-4209904-13214-20231004,2023-10-04,2023-10-08,2023,Lontras,4209904,acu,13214,Chuvas intensas,Reconhecido,0,0,252,1018,0,1270,615,0,2,2996383.02,23673531.68
SC-F-4215109-13214-20231004,2023-10-04,2023-10-09,2023,Rodeio,4215109,acu,13214,Chuvas intensas,Reconhecido,0,0,56,76,0,132,132,0,0,858006.3,285068.15
SC-F-4217808-13214-20231004,2023-10-04,2023-10-17,2023,Taió,4217808,acu,13214,Chuvas intensas,Reconhecido,0,0,296,3316,0,3612,10000,0,0,68634422.94,77001641.01
SC-F-4218202-13214-20231004,2023-10-04,2023-10-05,2023,Timbó,4218202,acu,13214,Chuvas intensas,Registro,0,1,12,30,0,43,200,0,1,0.0,100301.76
SC-F-4201257-13214-20231005,2023-10-05,2023-10-11,2023,Apiúna,4201257,acu,13214,Chuvas intensas,Registro,0,0,2,55,0,57,0,0,0,3067122.16,3130470.63
SC-F-4207106-13214-20231007,2023-10-07,2023-10-16,2023,Ilhota,4207106,acu,13214,Chuvas intensas,Reconhecido,0,1,200,334,0,535,0,0,0,46987.99,2005067.3
SC-F-4219200-13214-20231008,2023-10-08,2023-10-09,2023,Vidal Ramos,4219200,mirim,13214,Chuvas intensas,Registro,0,0,0,5,0,5,300,0,0,52790.4,37000241.07
SC-F-4211306-12300-20231009,2023-10-09,2023-11-01,2023,Navegantes,4211306,acu,12300,Alagamento,Registro,0,0,65,200,0,265,0,0,0,0.0,0.0
SC-F-4207502-13214-20231012,2023-10-12,2023-11-06,2023,Indaial,4207502,acu,13214,Chuvas intensas,Registro,0,0,0,0,0,0,0,0,0,0.0,0.0
SC-F-4202909-13214-20231028,2023-10-28,2023-10-30,2023,Brusque,4202909,mirim,13214,Chuvas intensas,Registro,0,0,0,0,0,0,4200,0,0,0.0,0.0
SC-F-4201703-13214-20231029,2023-10-29,2023-10-30,2023,Ascurra,4201703,acu,13214,Chuvas intensas,Registro,0,0,0,0,0,0,7419,0,0,21116.16,0.0
SC-F-4215109-13214-20231102,2023-11-02,2023-11-03,2023,Rodeio,4215109,acu,13214,Chuvas intensas,Registro,0,0,0,0,0,0,0,0,0,0.0,0.0
SC-F-4201703-13214-20231103,2023-11-03,2023-11-03,2023,Ascurra,4201703,acu,13214,Chuvas intensas,Registro,0,0,0,0,0,0,0,0,0,0.0,0.0
SC-F-4202206-13214-20231103,2023-11-03,2023-11-05,2023,Benedito Novo,4202206,acu,13214,Chuvas intensas,Reconhecido,0,0,0,48,0,48,2054,0,0,666987.68,3084053.09
SC-F-4207502-13214-20231103,2023-11-03,2023-11-06,2023,Indaial,4207502,acu,13214,Chuvas intensas,Registro,0,0,0,0,0,0,0,0,0,0.0,0.0
SC-F-4218202-13214-20231103,2023-11-03,2023-11-06,2023,Timbó,4218202,acu,13214,Chuvas intensas,Registro,0,0,50,0,0,50,15000,0,1,0.0,0.0
SC-F-4201703-13214-20231116,2023-11-16,2023-11-16,2023,Ascurra,4201703,acu,13214,Chuvas intensas,Registro,0,0,0,48,0,48,7371,0,0,0.0,0.0
SC-F-4202701-13214-20231116,2023-11-16,2023-11-18,2023,Botuverá,4202701,mirim,13214,Chuvas intensas,Reconhecido,0,0,6,44,0,50,250,0,1,12531384.81,246087.72
SC-F-4202909-13214-20231116,2023-11-16,2023-11-18,2023,Brusque,4202909,mirim,13214,Chuvas intensas,Reconhecido,0,0,38,479,0,517,112583,0,0,14240483.37,27977033.27
SC-F-4207502-13214-20231116,2023-11-16,2023-11-21,2023,Indaial,4207502,acu,13214,Chuvas intensas,Registro,0,0,0,25,0,25,0,0,0,0.0,0.0
SC-F-4208500-13214-20231116,2023-11-16,2023-11-19,2023,Ituporanga,4208500,acu,13214,Chuvas intensas,Reconhecido,0,0,63,2082,0,2145,0,0,0,4539974.28,77691682.33
SC-F-4209904-13214-20231116,2023-11-16,2023-11-18,2023,Lontras,4209904,acu,13214,Chuvas intensas,Reconhecido,0,0,339,2060,0,2399,1800,0,0,6319538.61,31232175.21
SC-F-4214805-13214-20231116,2023-11-16,2023-11-16,2023,Rio do Sul,4214805,acu,13214,Chuvas intensas,Reconhecido,0,54,1838,18969,0,20861,0,0,23,23913412.39,442616336.32
SC-F-4208203-12100-20231117,2023-11-17,2023-11-21,2023,Itajaí,4208203,ambos,12100,Inundação,Reconhecido,0,0,88,99,0,187,22396,0,0,70937625.95,10929980.64
SC-F-4215109-13214-20231117,2023-11-17,2023-11-17,2023,Rodeio,4215109,acu,13214,Chuvas intensas,Registro,0,0,3,0,0,3,0,0,0,0.0,0.0
SC-F-4219200-13214-20231117,2023-11-17,2023-11-21,2023,Vidal Ramos,4219200,mirim,13214,Chuvas intensas,Reconhecido,0,0,31,0,0,31,2500,0,0,0.0,24909852.72
SC-F-4202909-13214-20231128,2023-11-28,2023-11-28,2023,Brusque,4202909,mirim,13214,Chuvas intensas,Registro,0,0,0,54,0,54,12227,0,0,0.0,0.0
SC-F-4208500-12200-20231202,2023-12-02,2023-12-11,2023,Ituporanga,4208500,acu,12200,Enxurrada,Registro,0,0,0,24,0,24,0,0,0,0.0,0.0
SC-F-4202909-13214-20240218,2024-02-18,2024-02-18,2024,Brusque,4202909,mirim,13214,Chuvas intensas,Registro,0,0,0,0,0,0,6200,5,0,0.0,0.0
SC-F-4201257-12200-20240228,2024-02-28,2024-02-29,2024,Apiúna,4201257,acu,12200,Enxurrada,Registro,0,0,0,4,0,4,0,0,0,0.0,0.0
SC-F-4215109-13214-20240229,2024-02-29,2024-03-01,2024,Rodeio,4215109,acu,13214,Chuvas intensas,Registro,0,0,0,0,0,0,0,0,0,0.0,0.0
SC-F-4201703-13214-20240304,2024-03-04,2024-03-05,2024,Ascurra,4201703,acu,13214,Chuvas intensas,Registro,0,0,0,0,0,0,0,0,0,0.0,0.0
SC-F-4202701-13214-20240414,2024-04-14,2024-04-15,2024,Botuverá,4202701,mirim,13214,Chuvas intensas,Registro,0,0,0,0,0,0,0,0,0,0.0,49400.38
SC-F-4202909-13214-20240414,2024-04-14,2024-04-15,2024,Brusque,4202909,mirim,13214,Chuvas intensas,Registro,0,0,0,0,0,0,3044,7,0,0.0,0.0
SC-F-4209904-13214-20240515,2024-05-15,2024-05-20,2024,Lontras,4209904,acu,13214,Chuvas intensas,Registro,0,0,0,0,0,0,0,0,0,0.0,0.0
SC-F-4201257-13214-20240518,2024-05-18,2024-05-20,2024,Apiúna,4201257,acu,13214,Chuvas intensas,Registro,0,0,0,5,0,5,20,2,0,0.0,0.0
SC-F-4201703-13214-20240518,2024-05-18,2024-05-19,2024,Ascurra,4201703,acu,13214,Chuvas intensas,Registro,0,0,0,0,0,0,0,0,0,0.0,0.0
SC-F-4202701-13214-20240518,2024-05-18,2024-05-22,2024,Botuverá,4202701,mirim,13214,Chuvas intensas,Registro,0,0,0,0,0,0,0,1,0,296402.26,0.0
SC-F-4202404-12100-20240519,2024-05-19,2024-08-20,2024,Blumenau,4202404,acu,12100,Inundação,Registro,0,0,4,350,0,354,10000,1,0,34580.26,0.0
SC-F-4202909-13214-20240519,2024-05-19,2024-05-19,2024,Brusque,4202909,mirim,13214,Chuvas intensas,Reconhecido,0,0,0,123,0,123,14364,51,0,3229704.92,1096692.5
SC-F-4207502-13214-20240519,2024-05-19,2024-05-27,2024,Indaial,4207502,acu,13214,Chuvas intensas,Registro,0,0,0,0,0,0,0,0,0,0.0,0.0
SC-F-4214805-13214-20240519,2024-05-19,2024-05-19,2024,Rio do Sul,4214805,acu,13214,Chuvas intensas,Reconhecido,0,0,483,2712,0,3195,0,1101,0,1191537.07,59460317.96
SC-F-4215109-13214-20240519,2024-05-19,2024-05-21,2024,Rodeio,4215109,acu,13214,Chuvas intensas,Registro,0,0,0,0,0,0,0,0,0,0.0,0.0
SC-F-4217808-13214-20240519,2024-05-19,2024-05-22,2024,Taió,4217808,acu,13214,Chuvas intensas,Registro,0,0,35,25,0,60,0,9,0,0.0,0.0
SC-F-4208500-13214-20240707,2024-07-07,2024-07-16,2024,Ituporanga,4208500,acu,13214,Chuvas intensas,Registro,0,0,0,16,0,16,0,0,2,355682.71,0.0
SC-F-4214805-13214-20240708,2024-07-08,2024-07-08,2024,Rio do Sul,4214805,acu,13214,Chuvas intensas,Registro,0,0,255,195,0,450,0,0,0,0.0,0.0
SC-F-4208203-13214-20241010,2024-10-10,2024-10-11,2024,Itajaí,4208203,ambos,13214,Chuvas intensas,Registro,0,0,0,0,0,0,20,1,0,1284.41,0.0
SC-F-4202909-13214-20250116,2025-01-16,2025-01-16,2025,Brusque,4202909,mirim,13214,Chuvas intensas,Registro,0,0,0,0,0,0,0,0,0,0.0,0.0
SC-F-4205902-13214-20250116,2025-01-16,2025-01-16,2025,Gaspar,4205902,acu,13214,Chuvas intensas,Reconhecido,0,0,0,77,0,77,2456,27,0,2009882.35,1490903.68
SC-F-4208203-13214-20250116,2025-01-16,2025-01-17,2025,Itajaí,4208203,ambos,13214,Chuvas intensas,Registro,0,0,0,12,0,12,196,36,0,0.0,0.0
SC-F-4207106-13214-20250117,2025-01-17,2025-01-24,2025,Ilhota,4207106,acu,13214,Chuvas intensas,Reconhecido,0,0,0,75,0,75,100,2,0,324628.0,1844021.47
SC-F-4215109-12200-20250117,2025-01-17,2025-01-21,2025,Rodeio,4215109,acu,12200,Enxurrada,Registro,0,0,0,0,0,0,208,0,0,0.0,0.0
SC-F-4208500-12200-20250131,2025-01-31,2025-02-05,2025,Ituporanga,4208500,acu,12200,Enxurrada,Registro,0,0,0,9,0,9,0,30,0,0.0,0.0
SC-F-4202404-13214-20250213,2025-02-13,2025-02-18,2025,Blumenau,4202404,acu,13214,Chuvas intensas,Reconhecido,1,0,0,96,0,97,200000,90,0,1504366.64,411034.28
SC-F-4213203-13214-20250213,2025-02-13,2025-02-14,2025,Pomerode,4213203,acu,13214,Chuvas intensas,Registro,0,0,0,0,0,0,0,0,0,4620.0,0.0
SC-F-4202909-13214-20250216,2025-02-16,2025-02-18,2025,Brusque,4202909,mirim,13214,Chuvas intensas,Registro,0,0,9,6,0,15,8000,2,1,0.0,0.0
SC-F-4205902-12200-20250217,2025-02-17,2025-02-18,2025,Gaspar,4205902,acu,12200,Enxurrada,Registro,0,0,0,1,0,1,10688,1,0,6200.0,0.0
SC-F-4207502-13214-20250217,2025-02-17,2025-02-20,2025,Indaial,4207502,acu,13214,Chuvas intensas,Registro,0,0,0,0,0,0,0,0,0,0.0,0.0
SC-F-4208500-12200-20250217,2025-02-17,2025-02-18,2025,Ituporanga,4208500,acu,12200,Enxurrada,Registro,0,0,0,4,0,4,0,1,0,0.0,0.0
SC-F-4213203-13214-20250217,2025-02-17,2025-02-19,2025,Pomerode,4213203,acu,13214,Chuvas intensas,Registro,0,0,0,0,0,0,0,1,0,35000.0,0.0
SC-F-4202909-13214-20250309,2025-03-09,2025-03-09,2025,Brusque,4202909,mirim,13214,Chuvas intensas,Registro,0,0,0,4,0,4,4500,8,0,0.0,0.0
SC-F-4202909-13214-20250318,2025-03-18,2025-03-18,2025,Brusque,4202909,mirim,13214,Chuvas intensas,Registro,0,0,0,9,0,9,74857,58,0,2968978.86,830531.78
SC-F-4202701-13214-20250623,2025-06-23,2025-06-24,2025,Botuverá,4202701,mirim,13214,Chuvas intensas,Registro,0,0,0,0,0,0,200,0,0,0.0,0.0
SC-F-4202404-13214-20250626,2025-06-26,2025-07-28,2025,Blumenau,4202404,acu,13214,Chuvas intensas,Registro,0,0,0,0,0,0,0,3,0,170000.0,2000.0
SC-F-4202701-13214-20250626,2025-06-26,2025-06-27,2025,Botuverá,4202701,mirim,13214,Chuvas intensas,Registro,0,0,0,0,0,0,300,0,0,0.0,0.0
SC-F-4205902-13214-20250626,2025-06-26,2025-06-26,2025,Gaspar,4205902,acu,13214,Chuvas intensas,Registro,0,0,0,2,0,2,2500,1,1,540000.0,0.0
SC-F-4207106-13214-20250626,2025-06-26,2025-07-17,2025,Ilhota,4207106,acu,13214,Chuvas intensas,Registro,0,0,0,0,0,0,0,0,0,0.0,70885.36
SC-F-4205902-13214-20250922,2025-09-22,2025-09-22,2025,Gaspar,4205902,acu,13214,Chuvas intensas,Registro,0,0,0,0,0,0,143,0,0,425000.0,0.0
SC-F-4207502-13214-20250923,2025-09-23,2025-10-03,2025,Indaial,4207502,acu,13214,Chuvas intensas,Registro,0,0,0,0,0,0,0,0,0,0.0,0.0
SC-F-4205902-12200-20251001,2025-10-01,2025-10-01,2025,Gaspar,4205902,acu,12200,Enxurrada,Registro,0,0,0,11,0,11,26,3,0,62500.0,0.0
SC-F-4207106-13214-20251125,2025-11-25,2025-12-01,2025,Ilhota,4207106,acu,13214,Chuvas intensas,Reconhecido,0,0,0,20,0,20,65,2,0,2277709.21,1221729.29
SC-F-4207502-13214-20251209,2025-12-09,2025-12-15,2025,Indaial,4207502,acu,13214,Chuvas intensas,Registro,0,0,1,0,0,1,0,0,1,0.0,0.0
SC-F-4215109-13214-20251209,2025-12-09,2025-12-10,2025,Rodeio,4215109,acu,13214,Chuvas intensas,Registro,0,0,0,5,0,5,100,25,0,40000.0,12000.0
SC-F-4218202-12300-20251209,2025-12-09,2025-12-10,2025,Timbó,4218202,acu,12300,Alagamento,Registro,0,0,0,0,0,0,0,0,0,0.0,0.0
SC-F-4201703-13214-20251224,2025-12-24,2025-12-24,2025,Ascurra,4201703,acu,13214,Chuvas intensas,Registro,0,0,0,0,0,0,7419,45,0,1000000.0,0.0
SC-F-4202404-13214-20251227,2025-12-27,2026-01-14,2025,Blumenau,4202404,acu,13214,Chuvas intensas,Registro,0,0,0,2,0,2,250000,25,1,1550000.0,470000.0
SC-F-4213203-13214-20251227,2025-12-27,2026-01-06,2025,Pomerode,4213203,acu,13214,Chuvas intensas,Registro,0,0,0,0,0,0,36,12,0,475000.0,360000.0
SC-F-4201703-13214-20251229,2025-12-29,2025-12-30,2025,Ascurra,4201703,acu,13214,Chuvas intensas,Registro,0,0,0,0,0,0,0,1,0,1000000.0,0.0
SC-F-4202206-13214-20251229,2025-12-29,2025-12-29,2025,Benedito Novo,4202206,acu,13214,Chuvas intensas,Registro,0,0,0,0,0,0,930,0,0,75000.0,0.0
SC-F-4201703-13214-20251230,2025-12-30,2025-12-31,2025,Ascurra,4201703,acu,13214,Chuvas intensas,Registro,0,0,0,0,0,0,257,0,0,0.0,0.0
SC-F-4202701-13214-20251230,2025-12-30,2025-12-31,2025,Botuverá,4202701,mirim,13214,Chuvas intensas,Registro,0,0,0,0,0,0,2072,6,0,3814220.0,3774220.0
SC-F-4202909-13214-20251230,2025-12-30,2025-12-31,2025,Brusque,4202909,mirim,13214,Chuvas intensas,Registro,0,0,0,103,0,103,10659,36,0,669465.59,186346.7
SC-F-4213203-13214-20251230,2025-12-30,2026-01-06,2025,Pomerode,4213203,acu,13214,Chuvas intensas,Registro,0,0,0,0,0,0,400,40,0,1240000.0,0.0
SC-F-4215109-13214-20251230,2025-12-30,2025-12-31,2025,Rodeio,4215109,acu,13214,Chuvas intensas,Registro,0,0,0,8,0,8,100,4,0,130000.0,0.0
SC-F-4218202-12200-20251230,2025-12-30,2025-12-31,2025,Timbó,4218202,acu,12200,Enxurrada,Registro,0,0,0,0,0,0,0,0,0,0.0,0.0
SC-F-4205902-13214-20251231,2025-12-31,2026-01-01,2025,Gaspar,4205902,acu,13214,Chuvas intensas,Reconhecido,0,0,0,64,0,64,28000,287,5,9069800.0,7034624.0
