n	ano	dia_mes	ibge_m	gps_regua_nova_m	obs	celula_data_bruta
1	1852	29/10	16.30	16.50		1997-10-29
2	1855	20/11	13.30	13.50		1997-11-20
3	1862	20/11	9.00	9.20		1997-11-20
4	1864	17/09	10.00	10.20		1997-09-17
5	1868	27/11	13.30	13.50		1997-11-27
6	1870	11/10	10.00	10.20		1997-10-11
7	1880	23/09	17.10	17.30		1997-09-23
8	1888	23/09	12.80	13.00		1997-09-23
9	1891	18/06	13.80	14.00		1997-06-18
10	1898	01/05	12.80	13.00		1997-05-01
11	1900	02/10	12.80	13.00		1997-10-02
12	1911	29/05	16.90	17.10		1997-05-29
13	1911	20/06	9.86	10.06		1997-06-20
14	1923	14/05	9.00	9.20		1997-05-14
15	1925	14/01	10.30	10.50		1997-01-14
16	1926	09/11	9.50	9.70		1997-11-09
17	1927	18/06	12.30	12.50		1997-06-18
18	1928	15/08	11.76	11.96		1997-08-15
19	1928	02/05	10.82	11.02		1997-05-02
20	1931	18/09	10.80	11.00		1997-09-18
21	1931	25/05	10.80	11.00		1997-05-25
22	1932	04/10	9.85	10.05		1997-10-04
23	1933	29/09	11.65	11.85		1997-09-29
24	1935	27/11	11.40	11.60		1997-11-27
25	1939	03/08	11.20	11.40		1997-08-03
26	1943	17/05	10.25	10.45		1997-05-17
27	1948	17/10	11.80	12.00		1997-10-17
28	1950	31/10	9.10	9.30		1997-10-31
29	1953	31/10	9.40	9.60		1997-10-31
30	1954	19/05	9.30	9.50		1997-05-19
31	1954	22/10	12.88	13.08		1997-10-22
32	1955	19/05	10.36	10.56		1997-05-19
33	1957	21/07	9.10	9.30		1997-07-21
34	1957	02/08	10.40	10.60		1997-08-02
35	1957	18/08	12.86	13.06		1997-08-18
36	1957	16/09	9.24	9.44		1997-09-16
37	1961	12/09	10.10	10.30		1997-09-12
38	1961	30/09	9.40	9.60		1997-09-30
39	1961	01/11	12.18	12.38		1997-11-01
40	1966	13/02	9.82	10.02		1997-02-13
41	1969	06/04	9.89	10.09		1997-04-06
42	1971	10/06	10.10	10.30		1997-06-10
43	1972	29/08	11.07	11.27		1997-08-29
44	1973	25/06	11.05	11.25		1997-06-25
45	1973	22/07	9.10	9.30		1997-07-22
46	1973	29/08	12.24	12.44		1997-08-29
47	1975	04/10	12.40	12.60		1997-10-04
48	1977	18/08	9.25	9.45		1997-08-18
49	1978	26/12	11.45	11.65		1997-12-26
50	1979	10/05	9.75	9.95		1997-05-10
51	1979	09/10	10.20	10.40		1997-10-09
52	1980	22/12	13.02	13.22		1997-12-22
53	1983	04/03	10.35	10.55		1997-03-04
54	1983	20/05	12.46	12.66		1997-05-20
55	1983	09/07	15.34	15.54		1997-07-09
56	1983	18/07	10.95	11.15		1997-07-18
57	1983	27/07	10.38	10.58		1997-07-27
58	1983	29/07	11.08	11.28		1997-07-29
59	1983	02/08	11.20	11.40		2023-08-02
60	1983	24/09	11.50	11.70		1997-09-24
61	1984	07/08	15.46	15.66		1997-08-07
62	1990	21/07	8.82	9.02		1997-07-21
63	1992	29/05	12.80	13.00		1997-05-29
64	1992	01/07	10.62	10.82		1997-07-01
65	1997	01/02	9.44	9.64		1997-02-01
66	2001	01/10	11.02	11.22		2004-10-01
67	2008	24/11	11.72	11.92		2011-11-24
68	2010	26/05	8.64	8.84		2011-05-26
69	2011	31/08	8.70	8.90		2011-08-31
70	2011	09/09	12.80	13.00		1997-09-09
71	2013	23/09	10.60	10.60	Mudança da regua nova	2017-09-23
72	2014	09/06	10.18	10.18		2017-06-09
73	2015	23/10	10.03	10.03		2015-10-23
74	2017	06/06	8.52	8.52		2017-06-06
75	2022	04/05	9.40	9.40		2023-05-04
76	2023	05/10	8.78	8.78		2023-10-05
77	2023	08/10	9.49	9.49		2023-10-08
78	2023	09/10	10.19	10.19		2023-10-09
79	2023	12/10	10.76	10.76		2023-10-12
80	2023	29/10	8.38	8.38		2023-10-29
81	2023	03/11	9.50	9.50		2023-11-03
82	2023	17/11	9.14	9.14		2023-11-17
83	2024	19/05	8.67	8.67		2024-05-19
